id,idiom,idiom_extracted,definition_jp,example,example_jp,fill_in_the_blanks,tips,created_at
848,put on A,put on,Aï¼ˆè¡£æœãªã©ï¼‰ã‚’èº«ã«ã¤ã‘ã‚‹,"It's so cold, so I put on my coat.",ã¨ã¦ã‚‚å¯’ã„ã®ã§ã€ã‚³ãƒ¼ãƒˆã‚’ç€ãŸã€‚,"It's so cold, so I _____ my coat.",AãŒä»£åè©ã®æ™‚ã¯ã€é–“ã«æŒŸã‚€ï¼ï¼ˆput it onãªã©ï¼‰,2025-12-24 02:26:37.705585+00
849,try on A,try on,Aï¼ˆè¡£æœãªã©ï¼‰ã‚’è©¦ç€ã™ã‚‹,Can I try it on?,è©¦ç€ã—ã¦ã‚‚ã„ã„ã§ã™ã‹ã€‚,Can I _____?,ã€Œonï¼èº«ã«ã¤ã‘ã‚‹ï½â‡’æœã‚’ä½“ã®ä¸Šã«ã®ã›ã¦è©¦ã™,2025-12-24 02:26:37.705585+00
850,take off A,take off,Aï¼ˆè¡£æœãªã©ï¼‰ã‚’è„±ã,I took off my scarf in the warm classroom.,æš–ã‹ã„æ•™å®¤ã§ãƒãƒ•ãƒ©ãƒ¼ã‚’å¤–ã—ãŸã€‚,I _____ my scarf in the warm classroom.,remove Aã¨åŒç¾©ã€‚ç›®çš„èªãŒç¶šã‹ãªã„take offã¯ã€Œé›¢é™¸ã™ã‚‹ã€,2025-12-24 02:26:37.705585+00
851,turn down A,turn down,Aï¼ˆç”³ã—å‡ºãƒ»è¦æ±‚ãƒ»æ‹›å¾…ï¼‰ã‚’æ–­ã‚‹,She turned down the offer because it sounded too good to be true.,å½¼å¥³ã¯ãã®ç”³ã—å‡ºãŒè‰¯ã™ãã‚‹è©±ã«èã“ãˆãŸã®ã§æ–­ã£ãŸã€‚,She _____ the offer because it sounded too good to be true.,reject Aã¨åŒç¾©ã€‚ã€ŒéŸ³é‡ã‚’ä¸‹ã’ã‚‹ã€ã¨ã„ã†æ„å‘³ã‚‚ã‚ã‚‹ã€‚,2025-12-24 02:26:37.705585+00
852,turn up A,turn up,Aï¼ˆã®éŸ³é‡ï¼‰ã‚’ä¸Šã’ã‚‹,Could you turn up the volume?,éŸ³é‡ã‚’ä¸Šã’ã¦ã‚‚ã‚‰ãˆã¾ã™ã‹ã€‚,Could you _____ the volume?,ã€Œupï¼ä¸Šã¸ã€â‡’ãƒ€ã‚¤ãƒ¤ãƒ«ã‚’ä¸Šã¸å›ã™,2025-12-24 02:26:37.705585+00
853,turn off A,turn off,Aï¼ˆæ°´é“ãƒ»ã‚¬ã‚¹ãªã©ï¼‰ã‚’æ­¢ã‚ã‚‹/Aï¼ˆãƒ†ãƒ¬ãƒ“ãƒ»ç…§æ˜ãªã©ï¼‰ã‚’æ¶ˆã™,Please turn off the lights when you leave the room.,éƒ¨å±‹ã‚’å‡ºã‚‹ã¨ãã«é›»æ°—ã‚’æ¶ˆã—ã¦ãã ã•ã„ã€‚,Please _____ the lights when you leave the room.,æ—¥æœ¬èªã®ã€Œã‚ªãƒ•ã€ã¨åŒã˜ã‚¤ãƒ¡ãƒ¼ã‚¸ã‚’æŒã¤ï¼,2025-12-24 02:26:37.705585+00
854,put off A,put off,Aï¼ˆäºˆå®šãªã©ï¼‰ã‚’å»¶æœŸã™ã‚‹,We decided to put off the meeting until next week.,ä¼šè­°ã‚’æ¥é€±ã¾ã§å»¶æœŸã™ã‚‹ã“ã¨ã«ã—ãŸã€‚,We decided to _____ the meeting until next week.,ä½¿ã„æ–¹ã«ã‚ˆã£ã¦ã¯ã€Œå¤±ã‚ã›ã‚‹ã€ã€Œä¸å¿«ã«ã™ã‚‹ã€ãªã©ãƒã‚¬ãƒ†ã‚£ãƒ–ãªæ„å‘³ã«ã‚‚ãªã‚‹ã€‚I was put off by his arrogance.ï¼ˆå½¼ã®å‚²æ…¢ã•ã«ä¸å¿«æ„Ÿã‚’è¦šãˆãŸï¼‰ã€€ï¼postpone A,2025-12-24 02:26:37.705585+00
855,call off A,call off,Aï¼ˆäºˆå®šãªã©ï¼‰ã‚’ä¸­æ­¢ã™ã‚‹,The game was called off due to the storm.,åµã®ãŸã‚è©¦åˆã¯ä¸­æ­¢ã•ã‚ŒãŸã€‚,The game was _____ due to the storm.,ä»£åè©ã®æ‰±ã„ã«æ³¨æ„ (=cancel A),2025-12-24 02:26:37.705585+00
856,pick up A,pick up,Aï¼ˆè¨€è‘‰ãƒ»æŠ€è¡“ãªã©ï¼‰ã‚’ç¿’å¾—ã™ã‚‹,She picked up Japanese very quickly.,å½¼å¥³ã¯æ—¥æœ¬èªã‚’ã¨ã¦ã‚‚æ—©ãç¿’å¾—ã—ãŸã€‚,She _____ Japanese very quickly.,ç•°ãªã‚‹æ„å‘³ã‚‚ã‚ã‚‹ã®ã§æ³¨æ„ (= learn A),2025-12-24 02:26:37.705585+00
857,pick up A,pick up,Aï¼ˆäººï¼‰ã‚’è»Šã§è¿ãˆã«è¡Œãï¼ˆæ¥ã‚‹ï¼‰,I will pick you up at the airport tomorrow.,æ˜æ—¥ã€ç©ºæ¸¯ã§ã‚ãªãŸã‚’è¿ãˆã«è¡Œãã¾ã™ã€‚,I will _____ at the airport tomorrow.," ç•°ãªã‚‹æ„å‘³ã‚‚ã‚ã‚‹ã®ã§æ³¨æ„",2025-12-24 02:26:37.705585+00
858,pick out A,pick out,Aã‚’é¸ã³å‡ºã™,She picked out the red one.,å½¼å¥³ã¯èµ¤ã„ã‚‚ã®ã‚’é¸ã‚“ã ã€‚,She _____ the red one.,æ—¥æœ¬èªã§ã¯ã€Œé¸ã³å‡ºã™ã€ã¨ã„ã†æ„å‘³ã§ã€Œãƒ”ãƒƒã‚¯ã‚¢ãƒƒãƒ—ã™ã‚‹ã€ã¨ã„ã†è¡¨ç¾ã‚’ç”¨ã„ã‚‹ã“ã¨ãŒã‚ã‚‹ãŒã€è‹±èªã®pick up ã«ã¯ãã®æ„å‘³ã¯ãªã„ã€‚(= choose A/ select A),2025-12-24 02:26:37.705585+00
859,put away A,put away,Aã‚’ç‰‡ä»˜ã‘ã‚‹/å…ƒã®å ´æ‰€ã¸ã—ã¾ã†,Please put away your toys.,ãŠã‚‚ã¡ã‚ƒã‚’ç‰‡ä»˜ã‘ã¦ãã ã•ã„ã€‚,Please _____ your toys.,ç•°ãªã‚‹æ„å‘³ã‚‚ã‚ã‚‹ã®ã§æ³¨æ„,2025-12-24 02:26:37.705585+00
860,put away A,put away,Aï¼ˆãŠé‡‘ãƒ»æ™‚é–“ãƒ»é£Ÿç‰©ãªã©ï¼‰ã‚’ã¨ã£ã¦ãŠãã€è“„ãˆã‚‹,She puts away a portion of her salary for retirement.,å½¼å¥³ã¯é€€è·ã®ãŸã‚ã«çµ¦æ–™ã®ä¸€éƒ¨ã‚’è²¯é‡‘ã—ã¦ã„ã‚‹ã€‚,She _____ a portion of her salary for retirement.,ç•°ãªã‚‹æ„å‘³ã‚‚ã‚ã‚‹ã®ã§æ³¨æ„ (= save A),2025-12-24 02:26:37.705585+00
861,put aside,put aside,Aï¼ˆãŠé‡‘ãƒ»æ™‚é–“ãƒ»é£Ÿç‰©ãªã©ï¼‰ã‚’ã¨ã£ã¦ãŠãã€è“„ãˆã‚‹,He put aside some money for a trip.,å½¼ã¯æ—…è¡Œã®ãŸã‚ã«ãŠé‡‘ã‚’å–ã£ã¦ãŠã„ãŸã€‚,He _____ some money for a trip.,ç›®çš„èªã§æ„å‘³ãŒå¤‰ã‚ã‚‹ (= save A),2025-12-24 02:26:37.705585+00
862,set up A,set up,Aï¼ˆä¼šç¤¾ãƒ»åˆ¶åº¦ãƒ»æ–½è¨­ãªã©ï¼‰ã‚’è¨­ç«‹ã™ã‚‹,Your computer is set up and ready to be used.,ã‚ãªãŸã®ã‚³ãƒ³ãƒ”ãƒ¥ãƒ¼ã‚¿ãƒ¼ã¯ã‚»ãƒƒãƒˆã‚¢ãƒƒãƒ—ã•ã‚Œã¦ã„ã¦ã€ã™ãã«ä½¿ãˆã‚‹ã€‚,Your computer is _____ and ready to be used.,æ–‡è„ˆã«ã‚ˆã£ã¦æ„å‘³ãŒç•°ãªã‚‹ã€€(= establish A),2025-12-24 02:26:37.705585+00
863,make up A,make up,Aï¼ˆè©±ãƒ»å¼è§£ãƒ»ã†ããªã©ï¼‰ã‚’ã§ã£ã¡ã‚ã’ã‚‹,She made up an excuse saying her dog had eaten her homework.,å½¼å¥³ã¯çŠ¬ãŒå®¿é¡Œã‚’é£Ÿã¹ãŸã¨è¨€ã„è¨³ã‚’ä½œã£ãŸã€‚,She _____ an excuse saying her dog had eaten her homework.,ã€ŒAï¼ˆå…¨ä½“ã®ã‚ã‚‹å‰²åˆï¼‰ã‚’æ§‹æˆã™ã‚‹ã€ã¨ã„ã†æ„å‘³ã‚‚ã‚ã‚‹ã€‚(= invent A),2025-12-24 02:26:37.705585+00
864,make out A,make out,Aã‚’ç†è§£ã™ã‚‹,I can't make out what you're saying.,ã‚ãªãŸãŒè¨€ã£ã¦ã„ã‚‹ã“ã¨ãŒèãå–ã‚Œãªã„ã€‚,I can't _____ what you're saying.,è­˜åˆ¥ã™ã‚‹ã¨ã„ã†æ„å‘³ã®ã‚ã‹ã‚‹ ä¾‹ã€Œäººæ··ã¿ã®ä¸­ã§æ‰‹ã‚’æŒ¯ã£ã¦ã‚‹ã®ãŒã‚ã‹ã‚‹ã€(= understand A/ comprehend A),2025-12-24 02:26:37.705585+00
865,figure out A,figure out,Aã‚’ç†è§£ã™ã‚‹,I can't figure out why the teacher says it's easy.,ãªãœå…ˆç”ŸãŒãã‚Œã‚’ç°¡å˜ã ã¨è¨€ã†ã®ã‹åˆ†ã‹ã‚‰ãªã„ã€‚,I can't _____ why the teacher says it's easy.,é ­ã‚’ä½¿ã£ã¦ç†è§£ã™ã‚‹ã®æ„ (= understand A/ comprehend A/ make out A),2025-12-24 02:26:37.705585+00
866,work out A,work out,Aï¼ˆå•é¡Œãªã©ï¼‰ã‚’è‹¦åŠ´ã—ã¦è§£ã,He's going to work out this math problem all by himself.,å½¼ã¯è‡ªåˆ†ã§ã“ã®æ•°å­¦ã®å•é¡Œã‚’è§£ã“ã†ã¨ã—ã¦ã„ã‚‹ã€‚,He's going to _____ this math problem all by himself.,ã€ŒAï¼ˆè¨ˆç”»ãƒ»ç†è«–ãªã©ï¼‰ã‚’è€ƒãˆå‡ºã™ã€ã¨ã„ã†æ„å‘³ã‚‚ã‚ã‚‹ã€‚ (= solve A),2025-12-24 02:26:37.705585+00
867,take on A,take on,Aï¼ˆä»•äº‹ãªã©ï¼‰ã‚’å¼•ãå—ã‘ã‚‹,She was asked to take on the additional work at the office.,å½¼å¥³ã¯ä¼šç¤¾ã§è¿½åŠ ã®ä»•äº‹ã‚’å¼•ãå—ã‘ã‚‹ã‚ˆã†ã«é ¼ã¾ã‚ŒãŸã€‚,She was asked to _____ the additional work at the office.,ä»•äº‹ã‚„è²¬ä»»ã‚’è‡ªåˆ†ã®è‚©ã«ä¹—ã›ã‚‹ã‚¤ãƒ¡ãƒ¼ã‚¸ã€€(= undertake A/ agree to do A),2025-12-24 02:26:37.705585+00
868,take on A,take on,Aï¼ˆäººï¼‰ã‚’é›‡ã†,We will have to take on someone to do her work while he goes abroad.,å½¼ãŒæµ·å¤–ã«è¡Œãé–“ã€å½¼å¥³ã®ä»•äº‹ã‚’ã™ã‚‹äººã‚’é›‡ã‚ãªã‘ã‚Œã°ãªã‚‰ãªã„ã€‚,We will have to _____ someone to do her work while he goes abroad.,ã€ŒAï¼ˆæ€§è³ªãƒ»æ§˜ç›¸ãªã©ï¼‰ã‚’å¸¯ã³ã‚‹/å‘ˆã™ã‚‹/æŒã¤ã‚ˆã†ã«ãªã‚‹ã€ã¨ã„ã†æ„å‘³ã‚‚ã‚ã‚‹ (= hire A/ employ A),2025-12-24 02:26:37.705585+00
869,put out A,put out,Aï¼ˆç«ãƒ»ç…§æ˜ãªã©ï¼‰ã‚’æ¶ˆã™,It took a whole day to put out the fire.,ç«ã‚’æ¶ˆã™ã®ã«ä¸¸ä¸€æ—¥ã‹ã‹ã£ãŸã€‚,It took a whole day to _____ the fire.,ç«ã‚’å¤–ã«è¿½ã„å‡ºã™â‡’æ¶ˆãˆã‚‹   (=extinguish A),2025-12-24 02:26:37.705585+00
870,keep up A,keep up,Aã‚’ç¶­æŒã™ã‚‹,It is hard to keep up with cleaning my room.,éƒ¨å±‹ã®æƒé™¤ã‚’ç¶šã‘ã‚‹ã®ã¯å¤§å¤‰ã ã€‚,It is hard to _____ with cleaning my room.,keep up with Aã€ŒAã«ï¼ˆé…ã‚Œãšã«ï¼‰ã¤ã„ã¦è¡Œãã€ã¨æ··åŒã—ãªã„ã‚ˆã†ã«  (= maintain A/ continue A),2025-12-24 02:26:37.705585+00
871,call up A,call up,Aï¼ˆäººï¼‰ã«é›»è©±ã™ã‚‹,He called up his mother.,å½¼ã¯æ¯è¦ªã«é›»è©±ã—ãŸã€‚,He _____ his mother.,call up ã¯ã€Œé›»è©±ã‚’ã™ã‚‹ã€ã¨ã„ã†æ„å‘³ã§ç›®çš„èªã‚’ã¨ã‚‰ãªã„ã€‚(=(tele)phone A/ ring A),2025-12-24 02:26:37.705585+00
872,back up A,back up,Aã‚’æ”¯æŒï¼»æ”¯æ´ï¼½ã™ã‚‹,I will gladly back up your suggestion.,ã‚ãªãŸã®ææ¡ˆã‚’å–œã‚“ã§æ”¯æŒã—ã¾ã™ã€‚,I will gladly _____ your suggestion.,èª°ã‹ã®èƒŒä¸­ï¼ˆbackï¼‰ã‚’å¾Œã‚ã‹ã‚‰æŠ¼ã™ã‚¤ãƒ¡ãƒ¼ã‚¸ (=support A),2025-12-24 02:26:37.705585+00
873,cut down A,cut down on,A(æ•°ãƒ»é‡ï¼‰ã‚’æ¸›ã‚‰ã™,You should cut down on alcohol.,ã‚¢ãƒ«ã‚³ãƒ¼ãƒ«ã‚’æ¸›ã‚‰ã™ã¹ãã ã€‚,You should _____ alcohol.,åˆ‡ã‚Šæ¨ã¦ã¨ã‹è¨€ã†ã‚ˆã­ã€‚ãã†ã„ã†ã“ã¨ (=reduce A),2025-12-24 02:26:37.705585+00
874,look up A,look up,Aã‚’(æœ¬ãƒ»è¾æ›¸ãƒ»ã‚³ãƒ³ãƒ”ãƒ¥ãƒ¼ã‚¿ãƒ¼ãªã©ã§)èª¿ã¹ã‚‹,She looked up the recipe online.,å½¼å¥³ã¯ãƒ¬ã‚·ãƒ”ã‚’ã‚ªãƒ³ãƒ©ã‚¤ãƒ³ã§èª¿ã¹ãŸã€‚,She _____ the recipe online.,look up a dictionary.ã¨ã‹ã˜ã‚ƒã ã‚ã‚‰ã—ã„ã€‚ã€Œã€œã§ã€ãŒãªã„ã¨ã ã‚ã‹ã‚‚,2025-12-24 02:26:37.705585+00
875,look over A,look over,Aã«ã–ã£ã¨ç›®ã‚’é€šã™,Let's look over our meeting document.,ä¼šè­°ã®è³‡æ–™ã‚’è¦‹ç›´ãã†ã€‚,Let's _____ our meeting document.,overã§é ãã‹ã‚‰è¦‹ã¦ã‚‹æ„Ÿã˜ã«ãªã‚‹ã‹ã‚‚ (=examine A quickly),2025-12-24 02:26:37.705585+00
876,think over A,think over,Aã‚’ç†Ÿè€ƒã™ã‚‹,Fuji Sota thought over his next move.,è—¤äº•è¡å¤ªã¯æ¬¡ã®ä¸€æ‰‹ã‚’è€ƒãˆãŸã€‚,Fuji Sota _____ his next move.,æ£‹å£«è—¤äº•è¡å¤ªã®å°†æ£‹ãƒˆãƒ¬ãƒ¼ãƒ‹ãƒ³ã‚° (=consider A carefully),2025-12-24 02:26:37.705585+00
877,fill in A,fill in,Aï¼ˆæ°åãƒ»è·æ¥­ãªã©ï¼‰ã‚’æ›¸ãè¾¼ã‚€/Aï¼ˆæ›¸é¡ãƒ»ç”¨ç´™ãªã©ï¼‰ã«å¿…è¦äº‹é …ã‚’è¨˜å…¥ã™ã‚‹,"Please fill in this form: your name, gender, and address.",ã“ã®ç”¨ç´™ã«è¨˜å…¥ã—ã¦ãã ã•ã„ã€‚åå‰ã€æ€§åˆ¥ã€ä½æ‰€ã§ã™ã€‚,"Please _____ this form: your name, gender, and address.",ã‚¤ã‚®ãƒªã‚¹äººå¾¡ç”¨é” (=fill out A),2025-12-24 02:26:37.705585+00
878,fill out A,fill out,Aï¼ˆæ›¸é¡ãƒ»ç”¨ç´™ãªã©ï¼‰ã«å¿…è¦äº‹é …ã‚’è¨˜å…¥ã™ã‚‹,Did you fill out the application?,ç”³è¾¼æ›¸ã«è¨˜å…¥ã—ã¾ã—ãŸã‹ã€‚,Did you _____ the application?,ã‚¢ãƒ¡ãƒªã‚«äººå¾¡ç”¨é”(=fill in A / complete A),2025-12-24 02:26:37.705585+00
879,hand in A,hand in,Aã‚’æå‡ºã™ã‚‹,I have to hand in my thesis next Tuesday and I'm really stressed.,æ¥é€±ã®ç«æ›œæ—¥ã«è«–æ–‡ã‚’æå‡ºã—ãªã‘ã‚Œã°ãªã‚‰ãšã€ã¨ã¦ã‚‚ã‚¹ãƒˆãƒ¬ã‚¹ã‚’æ„Ÿã˜ã¦ã„ã‚‹ã€‚,I have to _____ my thesis next Tuesday and I'm really stressed.,submit Aã¨åŒã˜æ„å‘³ã ã‘ã©ã“ã£ã¡ã®æ–¹ãŒä¼šè©±ã§ä½¿ã„ãã†,2025-12-24 02:26:37.705585+00
880,turn in A,turn in,Aã‚’æå‡ºã™ã‚‹,She needs to turn in her work by noon.,å½¼å¥³ã¯æ­£åˆã¾ã§ã«ä»•äº‹ã‚’æå‡ºã™ã‚‹å¿…è¦ãŒã‚ã‚‹ã€‚,She needs to _____ her work by noon.,"submit A,turn in Aã¨åŒã˜æ„å‘³ã ã‘ã©ã“ã£ã¡ã®æ–¹ãŒä¼šè©±ã§ä½¿ã„ãã†",2025-12-24 02:26:37.705585+00
881,take back A,take back,Aï¼ˆè¨€è‘‰ãªã©ï¼‰ã‚’å–ã‚Šæ¶ˆã™/æ’¤å›ã™ã‚‹,Take back what you just said!,ãƒãƒ¼ãƒˆã‚¬ã‚¹ãƒ»Dãƒ»ã‚¨ãƒ¼ã‚¹ã€Œä»Šè¨€ã£ãŸã“ã¨ã‚’å–ã‚Šæ¶ˆã›ï¼ã€,_____ what you just said!,ã€Œbackâ†’å…ƒã®å ´æ‰€ã¸ã€â‡’ä¸€æ—¦å‡ºã—ãŸã‚‚ã®ã‚’å¼•ã£è¾¼ã‚ã‚‹ (=withdraw A),2025-12-24 02:26:37.705585+00
882,hold back A,hold back,Aï¼ˆæ„Ÿæƒ…ãªã©ï¼‰ã‚’æŠ‘ãˆã‚‹,Ace! Hold back your anger!,ã‚¨ãƒ¼ã‚¹ï¼æ€’ã‚Šã‚’æŠ‘ãˆã‚ï¼,Ace! _____ your anger!,ã€Œholdâ†’æ´ã‚€ï¼‹backâ†’å¾Œã‚ã¸ã€â‡’å‰ã«è¡Œã‹ã›ãšå¼•ãæ­¢ã‚ã‚‹ (=control A),2025-12-24 02:26:37.705585+00
883,take over A,take over,Aï¼ˆè·å‹™ãªã©ï¼‰ã‚’å¼•ãç¶™ã,Take over the work of the deceased Ace.,æ­»ã‚“ã ã‚¨ãƒ¼ã‚¹ã®ä»•äº‹ã‚’å¼•ãç¶™ã’ã€‚,_____ the work of the deceased Ace.,ã€Œoverâ†’ä¸Šã«ç«‹ã¤ã€â‡’ä¸Šã‹ã‚‰ä¸»å°æ¨©ã‚’å–ã‚‹,2025-12-24 02:26:37.705585+00
884,bring up A,bring up,Aï¼ˆå­ã©ã‚‚ï¼‰ã‚’è‚²ã¦ã‚‹,Ace was brought up by strangers as a child.,ã‚¨ãƒ¼ã‚¹ã¯å­ä¾›ã®é ƒã€è¦‹çŸ¥ã‚‰ã¬äººã«è‚²ã¦ã‚‰ã‚ŒãŸã€‚,Ace was _____ by strangers as a child.,ã€Œupï¼ä¸Šã€â‡’èµ¤ã¡ã‚ƒã‚“ã‚’ä¸‹ã‹ã‚‰ä¸Šã¸è‚²ã¦ã‚‹ (=raise A),2025-12-24 02:26:37.705585+00
885,bring about A,bring about,Aã‚’å¼•ãèµ·ã“ã™,Even a small fire can bring about a house fire.,å°ã•ãªç«ã§ã‚‚å®¶äº‹ã‚’å¼•ãèµ·ã“ã™å¯èƒ½æ€§ãŒã‚ã‚‹ã€‚,Even a small fire can _____ a house fire.,åŠªåŠ›ãŒã‚°ãƒ«ã£ã¨å›ã£ã¦ï¼ˆaboutï¼‰â‡’å¼•ãèµ·ã“ã™ã€ã‚‚ãŸã‚‰ã™ (=cause A),2025-12-24 02:26:37.705585+00
886,show off A,show off,Aã‚’è¦‹ã›ã³ã‚‰ã‹ã™/èª‡ç¤ºã™ã‚‹,He was showing off his long arms.,å½¼ã¯é•·ã„è…•ã‚’è¦‹ã›ã³ã‚‰ã‹ã—ã¦ã„ãŸã€‚,He was _____ his long arms.,ã€Œoffâ†’å¤–ã«å‘ã‘ã¦ã€â‡’ã¿ã‚“ãªã«è¦‹ã›ã¤ã‘ã‚‹,2025-12-24 02:26:37.705585+00
887,carry out A,carry out,Aï¼ˆè¨ˆç”»ãƒ»å‘½ä»¤ãªã©ï¼‰ã‚’é‚è¡Œã™ã‚‹/è¡Œã†,Carry out the assassination of Luffy.,ãƒ«ãƒ•ã‚£ã®æš—æ®ºã‚’å®Ÿè¡Œã›ã‚ˆã€‚,_____ the assassination of Luffy.,ã€Œoutï¼å¤–ã«å‡ºã™ã€â‡’è¨ˆç”»ã‚’è¡Œå‹•ã«ç§»ã™ (=accomplish A/ perform A/ complete A),2025-12-24 02:26:37.705585+00
888,lay off A,lay off,Aï¼ˆäººï¼‰ã‚’ä¸€æ™‚è§£é›‡ã™ã‚‹,Luffy laid off Usopp.,ãƒ«ãƒ•ã‚£ã¯ã‚¦ã‚½ãƒƒãƒ—ã‚’è§£é›‡ã—ãŸã€‚,Luffy _____ Usopp.,ã‚¢ãƒªã‚¬ãƒˆâ¤ï¾ï½­ğŸ˜˜,2025-12-24 02:26:37.705585+00
889,leave out A,leave out,Aã‚’é™¤å¤–ã™ã‚‹/ï¼ˆã†ã£ã‹ã‚Šï¼‰æŠœã‹ã™,A herd of reindeer left out Chopper.,ãƒˆãƒŠã‚«ã‚¤ã®ç¾¤ã‚ŒãŒãƒãƒ§ãƒƒãƒ‘ãƒ¼ã‚’å¤–ã—ãŸã€‚,A herd of reindeer _____ Chopper.,ã€Œoutï¼å¤–ã«ç½®ãã€â‡’ä»²é–“ã«å…¥ã‚Œãªã„ (= omit A),2025-12-24 02:26:37.705585+00
890,leave behind A,leave behind,Aã‚’ç½®ãå¿˜ã‚Œã‚‹/å¾Œã«æ®‹ã™,I left behind my key in my house.,å®¶ã«éµã‚’ç½®ãå¿˜ã‚ŒãŸã€‚,I _____ my key in my house.,ã€Œbehindï¼å¾Œã‚ã€â‡’å…ˆã«é€²ã‚“ã§ã€Aã ã‘å¾Œã‚ã«æ®‹ã™,2025-12-24 02:26:37.705585+00
891,let down A,let down,Aã‚’å¤±æœ›ã•ã›ã‚‹,I broke my promise and let down my friend.,ç´„æŸã‚’ç ´ã£ã¦å‹é”ã‚’å¤±æœ›ã•ã›ãŸã€‚,I broke my promise and _____ my friend.,ã€Œdownï¼ä¸‹ã’ã‚‹ã€â‡’æ°—æŒã¡ãƒ»æœŸå¾…ã‚’ä¸‹ã«è½ã¨ã™ (=disappoint A),2025-12-24 02:26:37.705585+00
892,rule out A,rule out,Aã‚’æ’é™¤ã™ã‚‹,I ruled out the memory of the test.,ãƒ†ã‚¹ãƒˆã®è¨˜æ†¶ã‚’æ’é™¤ã—ãŸã€‚,I _____ the memory of the test.,ã€Œoutï¼å¤–ã¸ã€â‡’å€™è£œã‹ã‚‰å¤–ã«å‡ºã™ (= exclude A),2025-12-24 02:26:37.705585+00
893,take in A,take in,Aã‚’ã ã¾ã™,I took in Ken.,ã‚±ãƒ³ã‚’å—ã‘å…¥ã‚ŒãŸã€‚,I _____ Ken.,å—å‹•æ…‹ã®be taken inï¼ˆï¼be deceiveï¼‰ã®å½¢ã§ç”¨ã„ã‚‰ã‚Œã‚‹äº‹ãŒå¤šã„ (=deceive A),2025-12-24 02:26:37.705585+00
894,take in A,take in,Aã‚’ç†è§£ã™ã‚‹,I took in my test results and understood what they meant.,ãƒ†ã‚¹ãƒˆçµæœã‚’ç†è§£ã—ãŸã€‚,I _____ my test results and understood what they meant.,è¦‹ãŸèã„ãŸæƒ…å ±ã‚’ç†è§£ã™ã‚‹/å—ã‘æ­¢ã‚ã‚‹ã¨ã„ã†çŠ¶æ³ã§ä½¿ã† (= understand A/ comprehend A),2025-12-24 02:26:37.705585+00
895,see A off,see off,Aã‚’è¦‹é€ã‚‹,I saw my favorite idol off at the airport.,ç©ºæ¸¯ã§ãŠæ°—ã«å…¥ã‚Šã®ã‚¢ã‚¤ãƒ‰ãƒ«ã‚’è¦‹é€ã£ãŸã€‚,I _____ my favorite idol off at the airport.,"ã“ã®è¡¨ç¾ã¯see off Aã¨ã„ã†èªé †ã§ã¯ç”¨ã„ã‚‰ã‚Œãªã„ ",2025-12-24 02:26:37.705585+00
896,consist of A,consist of,Aã‹ã‚‰æˆã‚‹ï¼ˆææ–™ã€æ§‹æˆï¼‰,My breakfast consists of bread and eggs.,ç§ã®æœé£Ÿã¯ãƒ‘ãƒ³ã¨åµã§æ§‹æˆã•ã‚Œã¦ã„ã‚‹ã€‚,My breakfast _____ bread and eggs.,ã€Œofï¼ææ–™ã€â‡’ä¸­èº«ã¯ãªã«ã‹ï¼Ÿ (=be composed of A/be made up of A),2025-12-24 02:26:37.705585+00
897,consist in A,consist in,ï¼ˆæœ¬è³ªãŒï¼‰Aã«ã‚ã‚‹,Love consists in one's personality.,æ„›ã¯äººã®äººæ ¼ã«ã‚ã‚‹ã€‚,Love _____ one's personality.,ã€Œinï¼ä¸­ã«ã€â‡’ä¾¡å€¤ãƒ»æœ¬è³ªãŒä¸­ã«ã‚ã‚‹,2025-12-24 02:26:37.705585+00
898,deal in A,deal in,Aï¼ˆå•†å“ï¼‰ã‚’æ‰±ã†,The shop deals in pet cameras.,ãã®åº—ã¯ãƒšãƒƒãƒˆã‚«ãƒ¡ãƒ©ã‚’æ‰±ã£ã¦ã„ã‚‹ã€‚,The shop _____ pet cameras.,deal(å–å¼•ï¼‰ã—ã¦inã—ãªã„ã¨æ‰±ãˆãªã„ï¼æ‰±ã†,2025-12-24 02:26:37.705585+00
899,deal with A,deal with,Aï¼ˆå•é¡Œï¼‰ãªã©ã«å¯¾å‡¦ã™ã‚‹/Aã‚’å‡¦ç†ã™ã‚‹,It's a pleasure dealing with you.,ã‚ãªãŸã¨å–å¼•ã§ãã¦å¬‰ã—ã„ã€‚,It's a pleasure _____ you.,dealï¼å–å¼•ï¼ã†ã¾ãå¯¾å‡¦ã—ãªã„ã¨ã„ã‘ãªã„ï¼ã†ã¾ãå¯¾å‡¦ã™ã‚‹,2025-12-24 02:26:37.705585+00
900,cope with A,cope with,Aï¼ˆå•é¡Œãªã©ï¼‰ã«ã†ã¾ãå¯¾å‡¦ã™ã‚‹/Aã‚’ã†ã¾ãå‡¦ç†ã™ã‚‹,He coped with an accident.,å½¼ã¯äº‹æ•…ã«å¯¾å‡¦ã—ãŸã€‚,He _____ an accident.,ã€Œwithï¼ä¸€ç·’ã«ã€â‡’å•é¡Œã¨ä¸€ç·’ã«å‘ãåˆã†,2025-12-24 02:26:37.705585+00
901,result from A,result from,Aï¼ˆåŸå› ï¼‰ã‹ã‚‰ç”Ÿã˜ã‚‹,His poor health condition resulted from a lack of sleep.,å½¼ã®å¥åº·çŠ¶æ…‹ãŒæ‚ªã„ã®ã¯ç¡çœ ä¸è¶³ãŒåŸå› ã ã£ãŸã€‚,His poor health condition _____ a lack of sleep.,from=å‡ºç™ºç‚¹,2025-12-24 02:26:37.705585+00
902,result in A,result in,Aï¼ˆçµæœï¼‰ã«çµ‚ã‚ã‚‹,My research resulted in failure.,ç§ã®ç ”ç©¶ã¯å¤±æ•—ã«çµ‚ã‚ã£ãŸã€‚,My research _____ failure.,in =çµ‚ç€ç‚¹,2025-12-24 02:26:37.705585+00
903,hear of A,hear of,Aã®ã“ã¨[å­˜åœ¨]ã‚’è€³ã«ã™ã‚‹/ã†ã‚ã•ã‚’èã,I hear of Valentino.,ãƒãƒ¬ãƒ³ãƒ†ã‚£ãƒã®ã“ã¨ã‚’èã„ãŸã€‚,I _____ Valentino.,"ã€œã®ã“ã¨ï¼from,ã†ã‚ã•ï¼èãã‚‚ã®ï¼ˆhear)",2025-12-24 02:26:37.705585+00
904,hear from A,hear from,Aï¼ˆäººï¼‰ã‹ã‚‰ï¼ˆé›»è©±ã‚„æ‰‹ç´™ã§ï¼‰ä¾¿ã‚ŠãŒã‚ã‚‹/é€£çµ¡ãŒã‚ã‚‹,I haven't heard from him in a week.,å½¼ã‹ã‚‰1é€±é–“é€£çµ¡ãŒãªã„ã€‚,I haven't _____ him in a week.,fromã¯ç™ºç€ç‚¹â†’ä¾¿ã‚Šã®ã‚‚ã¨,2025-12-24 02:26:37.705585+00
905,agree to A,agree to,Aï¼ˆææ¡ˆã‚„è¨ˆç”»ãªã©ï¼‰ã«åŒæ„ã™ã‚‹,I agree to his plan.,å½¼ã®è¨ˆç”»ã«åŒæ„ã™ã‚‹ã€‚,I _____ his plan.,to  =ææ¡ˆã€è¨ˆç”»,2025-12-24 02:26:37.705585+00
906,agree with A,agree with,ï¼ˆç’°å¢ƒãƒ»æ°—å€™ãƒ»é£Ÿã¹ç‰©ãŒï¼‰Aï¼ˆäººã®ä½“è³ªãƒ»æ€§æ ¼ï¼‰ã«åˆã†,The weather agrees with her when she is sick.,å¤©æ°—ã¯å½¼å¥³ã®ç—…æ°—ã«åˆã£ã¦ã„ã‚‹ã€‚,The weather _____ her when she is sick.,withï¼ˆä¸€ç·’ã«éã”ã™ï¼‰ï¼äººã®ä½“è³ªã€æ€§æ ¼,2025-12-24 02:26:37.705585+00
907,depend on [upon] A,depend on,Aæ¬¡ç¬¬ã§ã‚ã‚‹/Aã«ã‚ˆã£ã¦æ±ºã¾ã‚‹,I'm depending on him to finish the job by Monday.,æœˆæ›œæ—¥ã¾ã§ã«å½¼ãŒä»•äº‹ã‚’çµ‚ãˆã‚‹ã®ã‚’é ¼ã‚Šã«ã—ã¦ã„ã‚‹ã€‚,I'm depending on him to _____ the job by Monday.,ã€ŒAã«ä¾å­˜ã™ã‚‹/é ¼ã‚‹ã€ï¼rely on ã®æ„å‘³ã‚‚ã‚ã‚‹,2025-12-24 02:26:37.705585+00
908,rely on [upon] A,rely on,Aã«é ¼ã‚‹/å½“ã¦ã«ã™ã‚‹,Don't rely on others.,ä»–äººã«é ¼ã‚‹ãªã€‚,Don't _____ others.,ï¼depend on [upon] A ã€€ rely on A to do ã¨ã„ã†ä½¿ã„æ–¹ã‚‚ã‚ã‚‹,2025-12-24 02:26:37.705585+00
909,count on [upon] A,count on,Aã«é ¼ã‚‹/å½“ã¦ã«ã™ã‚‹,I'm counting on you.,ã‚ãªãŸã‚’é ¼ã‚Šã«ã—ã¦ã„ã‚‹ã€‚,I'm _____ you.,"ï¼depend on [upon] A / rely on [upon] A ä½œæ–‡ã§ã¯ã©ã‚Œã‹ã«çµ±ä¸€ï¼ ",2025-12-24 02:26:37.705585+00
910,live on [upon] A,live on,Aï¼ˆå°‘é¡ã®ãŠé‡‘ï¼‰ã§ç”Ÿæ´»ã™ã‚‹,She lives on 1000 yen a day.,å½¼å¥³ã¯1æ—¥1000å††ã§ç”Ÿæ´»ã—ã¦ã„ã‚‹ã€‚,She _____ 1000 yen a day.,ã€ŒA(é£Ÿç‰©)ã‚’å¸¸é£Ÿã«ã™ã‚‹ã€ã¨ã„ã†æ„å‘³ã®ã»ã†ãŒå¼·ã„,2025-12-24 02:26:37.705585+00
911,get to A,get to,Aï¼ˆå ´æ‰€ï¼‰ã«åˆ°ç€ã™ã‚‹,You have to get to the station in 3 minutes.,3åˆ†ã§é§…ã«ç€ã‹ãªã‘ã‚Œã°ãªã‚‰ãªã„ã€‚,You have to _____ the station in 3 minutes.,ï¼arrive at A / reach A  å£èªã«å¤šã„,2025-12-24 02:26:37.705585+00
912,arrive at A,arrive at,Aï¼ˆå ´æ‰€ï¼‰ã«åˆ°ç€ã™ã‚‹,We finally arrived at Miyajima!,å®®å³¶ã«ã‚„ã£ã¨åˆ°ç€ã—ãŸï¼,We finally _____ Miyajima!,ï¼get to A / reach Aã€€in / on / at ã®åŒºåˆ¥ã‚’ã—ã£ã‹ã‚Š,2025-12-24 02:26:37.705585+00
913,specialize in A,specialize in,Aï¼ˆå­¦å•ï¼‰ã‚’å°‚æ”»ã™ã‚‹/Aï¼ˆç ”ç©¶ãƒ»å•†å£²ãªã©ï¼‰ã‚’å°‚é–€ã«ã™ã‚‹,Professor Erin Meyer specializes in intercultural communication.,ã‚¨ãƒªãƒ³ãƒ»ãƒ¡ã‚¤ãƒ¤ãƒ¼æ•™æˆã¯ç•°æ–‡åŒ–ã‚³ãƒŸãƒ¥ãƒ‹ã‚±ãƒ¼ã‚·ãƒ§ãƒ³ã‚’å°‚é–€ã¨ã—ã¦ã„ã‚‹ã€‚,Professor Erin Meyer _____ intercultural communication.,"ï¼major in A   specialize as ã‚‚ã‚ã‚‹ã‚‰ã—ã„ ",2025-12-24 02:26:37.705585+00
914,major in A,major in,Aï¼ˆå­¦å•ï¼‰ã‚’å°‚æ”»ã™ã‚‹,I major in English.,ç§ã¯è‹±èªã‚’å°‚æ”»ã—ã¦ã„ã‚‹ã€‚,I _____ English.,major ä¸»è¦ãª in ã€œã®ä¸­ã§â†’å°‚æ”»ã™ã‚‹,2025-12-24 02:26:37.705585+00
915,do without A,do without,Aãªã—ã§æ¸ˆã¾ã™/ã‚„ã£ã¦ã„ã,"I studied hard, doing without sleeping.",å¯ãšã«ä¸€ç”Ÿæ‡¸å‘½å‹‰å¼·ã—ãŸã€‚,"I studied hard, _____ sleeping.",dispense with ã¨åŒç¾©ã€‚,2025-12-24 02:26:37.705585+00
916,dispense with A,dispense with,Aãªã—ã§æ¸ˆã¾ã™/ã‚„ã£ã¦ã„ã,We can dispense with smartphones.,ã‚¹ãƒãƒ¼ãƒˆãƒ•ã‚©ãƒ³ãªã—ã§æ¸ˆã¾ã›ã‚‹ã“ã¨ãŒã§ãã‚‹ã€‚,We can _____ smartphones.,æ´¾ç”Ÿèªindispensibleã¯ã€œãªã—ã§ã¯ã§ããªã„ã‹ã‚‰è»¢ã˜ã¦å¿…è¦ä¸å¯æ¬ ã¨ã„ã†æ„å‘³ã€‚,2025-12-24 02:26:37.705585+00
917,stick to A,stick to,A(ä¸»ç¾©ãƒ»æ±ºå®šãªã©)ã‚’å …æŒã™ã‚‹/Aã«å›ºåŸ·ã™ã‚‹,You should stick to your plan.,è¨ˆç”»ã‚’å®ˆã‚‹ã¹ãã ã€‚,You should _____ your plan.,ï¼cling to A  (stick-stuck-stuck),2025-12-24 02:26:37.705585+00
918,run across A,run across,A(äººãƒ»ç‰©)ã«å¶ç„¶å‡ºãã‚ã™,I ran across an old friend in the bookstore.,æœ¬å±‹ã§æ—§å‹ã«å¶ç„¶ä¼šã£ãŸã€‚,I _____ an old friend in the bookstore.,ï¼meet [find] A by chance / come across A,2025-12-24 02:26:37.705585+00
919,run into A,run into,A(äºº)ã«å¶ç„¶å‡ºä¼šã†,I ran into my teacher on the train.,é›»è»Šã§å…ˆç”Ÿã«å¶ç„¶ä¼šã£ãŸã€‚,I _____ my teacher on the train.,ï¼meet A by chance / come [run] across A,2025-12-24 02:26:37.705585+00
920,come across A,come across,A(äººãƒ»ç‰©)ã«å¶ç„¶å‡ºãã‚ã™,I came across an interesting article online.,ã‚ªãƒ³ãƒ©ã‚¤ãƒ³ã§é¢ç™½ã„è¨˜äº‹ã‚’è¦‹ã¤ã‘ãŸã€‚,I _____ an interesting article online.,ï¼meet [find] A by chance / run across A,2025-12-24 02:26:37.705585+00
921,occur to A,occur to,(è€ƒãˆãªã©ãŒ)A(äºº)ã®å¿ƒã«æµ®ã‹ã¶,It suddenly occurred to me that I forgot my keys.,éµã‚’å¿˜ã‚ŒãŸã“ã¨ãŒçªç„¶æ€ã„å‡ºã•ã‚ŒãŸã€‚,It suddenly _____ to me that I forgot my keys.,It occurs to A thatç¯€ [to do] ã¨ã„ã†å½¢ã§å‡ºã¦ãã‚‹ã€‚Itã¯å½¢å¼ä¸»èª,2025-12-24 02:26:37.705585+00
922,hit on [upon] A,hit on,A(è€ƒãˆãªã©)ãŒæ€ã„ã¤ã,She hit on a great solution to the problem.,å½¼å¥³ã¯å•é¡Œã®ç´ æ™´ã‚‰ã—ã„è§£æ±ºç­–ã‚’æ€ã„ã¤ã„ãŸã€‚,She _____ a great solution to the problem.,ï¼come up with A äººã‚’ä¸»èªã«å–ã‚‹,2025-12-24 02:26:37.705585+00
923,approve of A,approve of,Aã«è³›æˆã™ã‚‹/Aã‚’æ˜¯èªã™ã‚‹,My parents donâ€™t approve of smoking.,ä¸¡è¦ªã¯å–«ç…™ã‚’èªã‚ãªã„ã€‚,My parents donâ€™t _____ smoking.,â‡”disapprove of A (Aã«åå¯¾ã™ã‚‹),2025-12-24 02:26:37.705585+00
924,part with A,part with,(ã‚„ã‚€ãªã)Aã‚’æ‰‹æ”¾ã™/å£²ã‚Šæ‰•ã†,I canâ€™t part with this old photo.,ã“ã®å¤ã„å†™çœŸã‚’æ‰‹æ”¾ã›ãªã„ã€‚,I canâ€™t _____ this old photo.,â‰’separate from / give up æ„Ÿæƒ…çš„ãªæƒœã—ã•ã‚’å«ã‚€ã€‚,2025-12-24 02:26:37.705585+00
925,concentrate on A,concentrate on,Aã«ï¼ˆæ³¨æ„ãƒ»åŠªåŠ›ã‚’ï¼‰é›†ä¸­ã™ã‚‹/å°‚å¿µã™ã‚‹,My house has too much noise for me to concentrate on homework.,å®¶ãŒã†ã‚‹ã•ã™ãã¦å®¿é¡Œã«é›†ä¸­ã§ããªã„ã€‚,My house has too much noise for me to _____ homework.,å…¨concentrateï¼å…¨é›†ä¸­ã€€æ°´ã®å‘¼å¸,2025-12-24 02:26:37.705585+00
926,amount to A,amount to,ï¼ˆç·è¨ˆãŒï¼‰Aï¼ˆæ•°ãƒ»é‡ãƒ»é¡ï¼‰ã«é”ã™ã‚‹,The bill amounts to 100 yen.,è«‹æ±‚é¡ã¯100å††ã«ãªã‚‹ã€‚,The bill _____ 100 yen.,ï¼total A,2025-12-24 02:26:37.705585+00
927,refer to A,refer to,Aã«è¨€åŠã™ã‚‹,The teacher referred to the recent study.,å…ˆç”Ÿã¯æœ€è¿‘ã®ç ”ç©¶ã«è¨€åŠã—ãŸã€‚,The teacher _____ the recent study.,mention A/speak about A ã¨åŒç¾©ã€‚,2025-12-24 02:26:37.705585+00
928,stare at A,stare at,ï¼ˆé©šã„ã¦ãƒ»æ€’ã£ã¦ï¼‰Aã‚’ã˜ã£ã¨è¦‹ã¤ã‚ã‚‹/ã«ã‚‰ã¿ã¤ã‘ã‚‹,The cat stared angrily at the dog.,çŒ«ã¯çŠ¬ã‚’æ€’ã£ã¦ã«ã‚‰ã‚“ã ã€‚,The cat _____ angrily at the dog.,stareã¯ã˜ã£ã¨è¦‹ã‚‹ã“ã¨ã€‚,2025-12-24 02:26:37.705585+00
929,insist on A,insist on,Aã‚’è¦æ±‚ã™ã‚‹/Aï¼ˆäº‹å®Ÿï¼‰ã‚’ä¸»å¼µã™ã‚‹,My mother insisted on my doing my homework by myself.,æ¯ã¯ç§ã«å®¿é¡Œã‚’è‡ªåˆ†ã§ã‚„ã‚‹ã‚ˆã†ã«ä¸»å¼µã—ãŸã€‚,My mother _____ my doing my homework by myself.,"ï¼demand A,ï¼assert A",2025-12-24 02:26:37.705585+00
930,persist in A/doing,persist in,Aï¼»â‹¯ã™ã‚‹ã“ã¨ï¼½ã«å›ºåŸ·ã™ã‚‹/â‹¯ã—ç¶šã‘ã‚‹,This manager persists in bunting.,ã“ã®ãƒãƒãƒ¼ã‚¸ãƒ£ãƒ¼ã¯ãƒãƒ³ãƒˆã‚’ç¶šã‘ã‚‹ã€‚,This manager _____ bunting.,ï¼continue to do,2025-12-24 02:26:37.705585+00
931,fall on A,fall on,ï¼ˆä¼‘æ—¥ãƒ»æ—¥ç¨‹ãƒ»è¡Œäº‹ãªã©ãŒï¼‰Aï¼ˆç‰¹å®šã®æ—¥ï¼‰ã«ã‚ãŸã‚‹,Christmas falls on a Thursday this year.,ã‚¯ãƒªã‚¹ãƒã‚¹ã¯ä»Šå¹´æœ¨æ›œæ—¥ã«å½“ãŸã‚‹ã€‚,Christmas _____ a Thursday this year.,fall è½ã¡ã‚‹ on ã€œã®ä¸Šã«â†’é™ã‚Šã‹ã‹ã‚‹,2025-12-24 02:26:37.705585+00
932,die of A,die of,AãŒåŸå› ã§æ­»ã¬,Hideyo Noguchi died of yellow fever.,é‡å£è‹±ä¸–ã¯é»„ç†±ç—…ã§äº¡ããªã£ãŸã€‚,Hideyo Noguchi _____ yellow fever.,ofã¯åŸå› ã‚’ç¤ºã™ã€‚ï¼die from A,2025-12-24 02:26:37.705585+00
933,succeed in A/doing,succeed in,Aï¼»â‹¯ã™ã‚‹ã“ã¨ï¼½ã«æˆåŠŸã™ã‚‹,Mr. Sasaki succeeded in pitching a perfect game.,ä½ã€…æœ¨ã•ã‚“ã¯å®Œå…¨è©¦åˆã‚’é”æˆã—ãŸã€‚,Mr. Sasaki _____ pitching a perfect game.,æ•°å­¦ã®å•é¡Œé›†ã‚µã‚¯ã‚·ãƒ¼ãƒ‰ã¯æˆåŠŸã™ã‚‹ãŸã‚ã«ã‚ã‚‹ï¼,2025-12-24 02:26:37.705585+00
934,suffer from,suffer from,Aï¼ˆç—…æ°—ãªã©ï¼‰ã«ã‹ã‹ã‚‹/è‹¦ã—ã‚€,I suffered from urinary stones.,å°¿è·¯çµçŸ³ã«è‹¦ã—ã‚“ã ã€‚,I _____ urinary stones.,ã‚µãƒ¼ãƒ•ã‚¡ãƒ¼ã¯è‹¦ã—ã‚€ãŸã‚ã«ã‚ã‚‹ï¼,2025-12-24 02:26:37.705585+00
935,refrain from A/doing,refrain from,Aï¼ˆè¡å‹•ãªã©ï¼‰ï¼»â‹¯ã™ã‚‹ã“ã¨ï¼½ã‚’å·®ã—æ§ãˆã‚‹,The doctor advised him to refrain from eating anything.,åŒ»è€…ã¯å½¼ã«ä½•ã‚‚é£Ÿã¹ãªã„ã‚ˆã†åŠ©è¨€ã—ãŸã€‚,The doctor advised him to _____ eating anything.,ï¼abstain from A,2025-12-24 02:26:37.705585+00
936,set about A/doing,set about,Aï¼»â‹¯ã™ã‚‹ã“ã¨ï¼½ã«ã¨ã‚Šã‹ã‹ã‚‹,I decided to set about studying Japanese.,æ—¥æœ¬èªã®å‹‰å¼·ã‚’å§‹ã‚ã‚‹ã“ã¨ã«æ±ºã‚ãŸã€‚,I decided to _____ studying Japanese.,ï¼begin A,2025-12-24 02:26:37.705585+00
937,run over A,run over,ï¼ˆè»Šãªã©ï¼‰ãŒAã‚’ã²ã/ã¯ã­ã‚‹,I was run over by a bike.,è‡ªè»¢è»Šã«ã²ã‹ã‚ŒãŸã€‚,I was _____ by a bike.,èµ°ã‚Šã™ãã¦â€¦ ï¼run down A,2025-12-24 02:26:37.705585+00
938,get over A,get over,Aï¼ˆä¸å¹¸ãƒ»éšœå®³ãƒ»å›°é›£ãªã©ï¼‰ã‚’å…‹æœã™ã‚‹/ä¹—ã‚Šè¶Šãˆã‚‹,I got over my trauma.,ãƒˆãƒ©ã‚¦ãƒã‚’å…‹æœã—ãŸã€‚,I _____ my trauma.,over ä¸Šå›ã‚‹ get ã€œã«ãªã‚‹â†’ä¸Šå›ã‚Šä¹—ã‚Šè¶Šãˆã‚‹ ï¼over come A,2025-12-24 02:26:37.705585+00
939,go over,go over,Aï¼ˆã‚»ãƒªãƒ•ãƒ»èª¬æ˜ãªã©ï¼‰ã‚’èª­ã¿è¿”ã™/ï¼ˆç¹°ã‚Šè¿”ã—ï¼‰è¦‹ç›´ã™,I need to go over my notes before the exam.,è©¦é¨“å‰ã«ãƒãƒ¼ãƒˆã‚’è¦‹ç›´ã™å¿…è¦ãŒã‚ã‚‹ã€‚,I need to _____ my notes before the exam.,ç›®ç·šãŒgo over,2025-12-24 02:26:37.705585+00
940,call on,call on,Aï¼ˆäººï¼‰ã‚’è¨ªã‚Œã‚‹,I was called on by a religious group yesterday.,æ˜¨æ—¥å®—æ•™å›£ä½“ã«å‘¼ã³ã‹ã‘ã‚‰ã‚ŒãŸã€‚,I was _____ by a religious group yesterday.,ãƒ”ãƒ³ãƒãƒ³,2025-12-24 02:26:37.705585+00
941,keep off A,keep off,Aã«è¿‘ã¥ã‹ãªã„/Aã‹ã‚‰é›¢ã‚Œã¦ãŠã,"I don't like dogs, so I keep off dogs.",çŠ¬ãŒå«Œã„ãªã®ã§çŠ¬ã‚’é¿ã‘ã‚‹ã€‚,"I don't like dogs, so I _____ dogs.",offã®çŠ¶æ…‹ã‚’keep,2025-12-24 02:26:37.705585+00
942,go though A,go through,Aï¼ˆè‹¦ã—ã¿ãƒ»å›°é›£ãªã©ï¼‰ã‚’çµŒé¨“ã™ã‚‹,He went through a hard time for a while after losing his father.,çˆ¶ã‚’å¤±ã£ãŸå¾Œã€ã—ã°ã‚‰ãè¾›ã„æ™‚æœŸã‚’éã”ã—ãŸã€‚,He _____ a hard time for a while after losing his father.,é€šã‚Šéãã‚‹,2025-12-24 02:26:37.705585+00
943,hang up A,hang up,Aï¼ˆé›»è©±ï¼‰ã‚’åˆ‡ã‚‹,I have hung up the phone.,é›»è©±ã‚’åˆ‡ã£ãŸã€‚,I have _____ the phone.,hang ã¶ã‚‰ä¸‹ãŒã‚‹ up ä¸Šã§æ­¢ã¾ã‚‹â†’æ­¢ã¾ã£ã¦ã—ã¾ã†,2025-12-24 02:26:37.705585+00
944,carry on A/doing,carry on,Aï¼»â‹¯ã™ã‚‹ã“ã¨ï¼½ã‚’ç¶šã‘ã‚‹,She has carried on working since this morning.,å½¼å¥³ã¯ä»Šæœã‹ã‚‰åƒãç¶šã‘ã¦ã„ã‚‹ã€‚,She has _____ working since this morning.,ï¼continue A,2025-12-24 02:26:37.705585+00
945,take after A,take after,A (è¦ªãªã©) ã« (å®¹å§¿ãƒ»æ€§è³ªãŒ) ä¼¼ã¦ã„ã‚‹,Masaya takes after Takuto.,æ­£ä¹Ÿã¯æ‹“äººã«ä¼¼ã¦ã„ã‚‹ã€‚,Masaya _____ Takuto.,A (äººãƒ»ç‰©ãƒ»äº‹)ã«ä¼¼ã¦ã„ã‚‹ / é¡ä¼¼ç‚¹ãŒã‚ã‚‹ ã®æ„å‘³ã® resemble ã¨ä½¿ã„åˆ†ã‘ã‚ˆã† =resemble A,2025-12-24 02:26:37.705585+00
946,stand by A,stand by,"(å›°é›£ãªçŠ¶æ³ã§) A (äºº) ã‚’æ”¯ãˆã‚‹ / Aã®åŠ›ã«ãªã‚‹ ",Masaya promised to stand by me when I was in trouble.,æ­£ä¹Ÿã¯å›°ã£ãŸã¨ãã«ç§ã‚’æ”¯ãˆã‚‹ã¨ç´„æŸã—ãŸã€‚,Masaya promised to _____ me when I was in trouble.,ã“ã® satnd by A ã«ã¯ A (ç´„æŸãªã©) ã‚’å®ˆã‚‹ / A (ä¿¡å¿µãªã©) ã‚’è²«ã ã¨ã„ã†æ„å‘³ã‚‚ã‚ã‚‹ =support A,2025-12-24 02:26:37.705585+00
947,stand for A,stand for,"Aã‚’è¡¨ã™ / è±¡å¾´ã™ã‚‹ ",This statue stands for freedom.,ã“ã®åƒã¯è‡ªç”±ã‚’è±¡å¾´ã—ã¦ã„ã‚‹ã€‚,This statue _____ freedom.,A stand for ã®å½¢ã§è³ªå•ã®æ–‡è„ˆã§ä½¿ã‚ã‚Œã‚‹ã“ã¨ãŒã‚ã‚‹ =represent A / symbolize A,2025-12-24 02:26:37.705585+00
948,look after A,look after,"A (äºº) ã®ä¸–è©±ã‚’ã™ã‚‹ / A (ç‰©ãƒ»äº‹) ã®é¢å€’ã‚’è¦‹ã‚‹ ",I will look after your dog when you die.,ã‚ãªãŸãŒæ­»ã‚“ã ã‚‰çŠ¬ã®ä¸–è©±ã‚’ã—ã¾ã™ã€‚,I will _____ your dog when you die.,"take care of ãŒã‚ˆã‚Šåºƒç¯„å›²ã§è²¬ä»»ã‚’ä¼´ã†ã‚±ã‚¢ã‚„ç‰¹å®šã®ã‚¢ã‚¯ã‚·ãƒ§ãƒ³ look after A ã¯æ—¥å¸¸çš„ãª ä¸–è©±ãƒ»ç®¡ç† ã«ä½¿ã‚ã‚Œã‚‹ =take care ofA ",2025-12-24 02:26:37.705585+00
949,look into A,look into,"Aã‚’èª¿æŸ»ã™ã‚‹ / ç ”ç©¶ã™ã‚‹ ",The police are looking into the accident.,è­¦å¯Ÿã¯äº‹æ•…ã‚’èª¿æŸ»ã—ã¦ã„ã‚‹ã€‚,The police are _____ the accident.,ãƒ“ã‚¸ãƒã‚¹ã‚„æ—¥å¸¸ä¼šè©±ã§éå¸¸ã«ã‚ˆãä½¿ã‚ã‚Œã‚‹è¡¨ç¾ =investigateA,2025-12-24 02:26:37.705585+00
950,look for A,look for,"Aã‚’æ¢ã—æ±‚ã‚ã‚‹ ",He was looking for his key all day.,å½¼ã¯ä¸€æ—¥ä¸­éµã‚’æ¢ã—ã¦ã„ãŸã€‚,He was _____ his key all day.,æ—¥å¸¸ä¼šè©±ã‚„ãƒ“ã‚¸ãƒã‚¹ã§å¹…åºƒãä½¿ã‚ã‚Œã‚‹ çµæœã‚’è¡¨ã™ find ã¨ã¯ç•°ãªã‚‹ -=search for A,2025-12-24 02:26:37.705585+00
951,break into A,break into,A (å»ºç‰©ãªã©ã«) ä¾µå…¥ã™ã‚‹/æŠ¼ã—å…¥ã‚‹,The building was broken into by robbers.,å»ºç‰©ã¯å¼·ç›—ã«ä¾µå…¥ã•ã‚ŒãŸã€‚,The building was _____ by robbers.,æ–‡è„ˆã«ã‚ˆã£ã¦æ„å‘³ãŒç•°ãªã‚‹ ä¸€èˆ¬çš„ãªã®ã¯ã€Œï¼ˆç‰©ç†çš„ã«ï¼‰ä¾µå…¥ã™ã‚‹ã€ã‚„ã€Œï¼ˆè©±é¡Œãªã©ã«ï¼‰å‰²ã£ã¦å…¥ã‚‹ã€ã€ã‚ã‚‹ã„ã¯ã€Œï¼ˆæ–°ã—ã„åˆ†é‡ã«ï¼‰å‚å…¥ã™ã‚‹ã€ãªã©,2025-12-24 02:26:37.705585+00
952,wait on A,wait on," (åº—å“¡ãŒ) A (ãŠå®¢) ã«å¯¾å¿œã™ã‚‹ ",The clerk waited on a customer who wanted to buy a jacket.,åº—å“¡ã¯ã‚¸ãƒ£ã‚±ãƒƒãƒˆã‚’è²·ã„ãŸã„å®¢ã«å¿œå¯¾ã—ãŸã€‚,The clerk _____ a customer who wanted to buy a jacket.,æ–‡è„ˆã«ã‚ˆã£ã¦æ„å‘³ãŒå¤§ããç•°ãªã‚‹ =serve A,2025-12-24 02:26:37.705585+00
953,come by A,come by,"Aã‚’æ‰‹ã«å…¥ã‚Œã‚‹ ",How did you come by such a nice wig?,ã©ã†ã‚„ã£ã¦ãã‚“ãªç´ æ•µãªã‹ã¤ã‚‰ã‚’æ‰‹ã«å…¥ã‚ŒãŸã®ï¼Ÿ,How did you _____ such a nice wig?," å¶ç„¶,å¸Œå°‘,è‹¦åŠ´ã—ãŸãªã©ã®ãƒ‹ãƒ¥ã‚¢ãƒ³ã‚¹ã‚’å«ã‚€ã€€=obtain A / get A",2025-12-24 02:26:37.705585+00
954,run for A,run for,A (å½¹è·ãªã©) ã«ç«‹å€™è£œã™ã‚‹,Masaya had run for presidency but he failed.,æ­£ä¹Ÿã¯å¤§çµ±é ˜é¸ã«å‡ºé¦¬ã—ãŸãŒå¤±æ•—ã—ãŸã€‚,Masaya had _____ presidency but he failed.,ä»–ã«ã‚‚Stand for é¸æŒ™ã§ã€é¸æŒ™ã«ç«‹å€™è£œã™ã‚‹ã€ã¨ã„ã†æ–‡ã«ãªã‚‹ã€‚,2025-12-24 02:26:37.705585+00
955,contribute to A,contribute to,Aã«è²¢çŒ®ã™ã‚‹ / å¯„ä¸ã™ã‚‹,Masaya contributed to world peace.,æ­£ä¹Ÿã¯ä¸–ç•Œå¹³å’Œã«è²¢çŒ®ã—ãŸã€‚,Masaya _____ world peace.,A(çµæœã®ä¸€å› ã«ãªã‚‹ï¼‰ã¨ã„ã†æ–‡ã«ã‚‚ä½¿ã‚ã‚Œã‚‹ã€‚,2025-12-24 02:26:37.705585+00
956,pay for A,pay for,Aã®ä»£é‡‘ã‚’æ”¯æ‰•ã†,How much did you pay for these shoes?,ã“ã®é´ã¯ã„ãã‚‰æ‰•ã£ãŸã®ï¼Ÿ,How much did you _____ these shoes?,æ—¥å¸¸ä¼šè©±ã§ã‚ˆãä½¿ã„ä»£é‡‘ã€è²»ç”¨ã‚’æ‰•ã†ã¨ã„ã†æ„å‘³ã«ãªã‚‹ã€‚,2025-12-24 02:26:37.705585+00
957,apply for A,apply for,A (ä»•äº‹ãƒ»è¨±å¯ãƒ»æ´åŠ©ãªã©) ã‚’æ±‚ã‚ã‚‹ / ç”³ã—è¾¼ã‚€,Masaya applied for a world tour.,æ­£ä¹Ÿã¯ä¸–ç•Œãƒ„ã‚¢ãƒ¼ã«å¿œå‹Ÿã—ãŸã€‚,Masaya _____ a world tour.,ç‰¹å®šã®ç›®çš„ã‚’å¶ãˆã¦æ‰‹ã«å…¥ã‚ŒãŸã„ã‚‚ã®ã«å¿œå‹Ÿã™ã‚‹ã¨ã„ã†æ„å‘³ã®å ´åˆã«ä½¿ã„ã€å…·ä½“çš„ãªå¿œå‹Ÿå…ˆã‚’ç¤ºã™ apply to ã¨ã¯ç•°ãªã‚‹,2025-12-24 02:26:37.705585+00
958,adapt to A,adapt to,A (ç’°å¢ƒãªã©) ã«é †å¿œ [é©å¿œ] ã™ã‚‹,Masaya adapted to hell.,æ­£ä¹Ÿã¯åœ°ç„ã«é©å¿œã—ãŸã€‚,Masaya _____ hell.,è‡ªåˆ†ã‚„ä½•ã‹ã‚’å¤‰ãˆã¦ãªã˜ã‚€ã€é©å¿œã™ã‚‹ã¨ã„ã†æ„å‘³ãŒå¤šã„,2025-12-24 02:26:37.705585+00
959,add to A,add to,"Aã‚’å¢—ã‚„ã™ ",Masaya adds to my tax.,æ­£ä¹Ÿã¯ç§ã®ç¨é‡‘ã‚’å¢—ã‚„ã™ã€‚,Masaya _____ my tax.,æ´¾ç”Ÿã—ã¦in adition to =increaseA,2025-12-24 02:26:37.705585+00
960,send for A,send for," (é›»è©±ãƒ»æ‰‹ç´™ãªã©ã§) Aã‚’å‘¼ã¶ / Aã«æ¥ã¦ãã‚Œã‚‹ã‚ˆã†ã«é ¼ã‚€",Masaya sent for Midori.,æ­£ä¹Ÿã¯ã¿ã©ã‚Šã‚’å‘¼ã³å¯„ã›ãŸã€‚,Masaya _____ Midori.,å‘¼ã³å¯„ã›ã‚‹ã€å–ã‚Šå¯„ã›ã‚‹ã¨ã„ã£ãŸãƒ‹ãƒ¥ã‚¢ãƒ³ã‚¹ãŒå¤šã„,2025-12-24 02:26:37.705585+00
961,ask for A,ask for,"A (åŠ©ã‘ãƒ»å¿ å‘Šãƒ»æƒ…å ±ãªã©) ã‚’æ±‚ã‚ã‚‹ ",Donâ€™t ask for money.,ãŠé‡‘ã‚’æ±‚ã‚ã‚‹ãªã€‚,Donâ€™t _____ money.,You asked for itã€€è‡ªæ¥­è‡ªå¾—ã ã€€ã€€ã¿ãŸã„ãªæ…£ç”¨å¥è¡¨ç¾ã«ã‚‚ä½¿ã† =requestA,2025-12-24 02:26:37.705585+00
962,call for A,call for," (å…¬ã«) Aã‚’è¦æ±‚ã™ã‚‹ ","The economy has high inflation, so the workers called for a salary increase.",çµŒæ¸ˆã¯é«˜ã‚¤ãƒ³ãƒ•ãƒ¬ãªã®ã§ã€åŠ´åƒè€…ã¯è³ƒä¸Šã’ã‚’è¦æ±‚ã—ãŸã€‚,"The economy has high inflation, so the workers _____ a salary increase.",æ–‡è„ˆã«ã‚ˆã£ã¦æ„å‘³ãŒç•°ãªã‚‹ã‹ã‚‰æ³¨æ„ =demand A,2025-12-24 02:26:37.705585+00
963,believe in A,believe in,"A (äººæŸ„ãƒ»èƒ½åŠ›ãªã©) ã‚’ä¿¡ç”¨ [ä¿¡é ¼] ã™ã‚‹ ",You must believe in your own abilities.,è‡ªåˆ†ã®èƒ½åŠ›ã‚’ä¿¡ã˜ãªã‘ã‚Œã°ãªã‚‰ãªã„ã€‚,You must _____ your own abilities.,believeã¯æƒ…å ±ã¨ã‹ã®ä¿¡æ†‘æ€§ã«ã¤ã„ã¦ã ã‹ã‚‰å°‘ã—é•ã† =trust A,2025-12-24 02:26:37.705585+00
964,answer for A,answer for,Aã®è²¬ä»»ã‚’å–ã‚‹,You have to answer for what you did.,è‡ªåˆ†ã®ã—ãŸã“ã¨ã«è²¬ä»»ã‚’æŒãŸãªã‘ã‚Œã°ãªã‚‰ãªã„ã€‚,You have to _____ what you did.,ã¤ãã‚‹è²¬ä»»ãƒ»ã¤ã‹ã†è²¬ä»»,2025-12-24 02:26:37.705585+00
965,tell on A,tell on,Aã«ï¼ˆæ‚ªã„ï¼‰å½±éŸ¿ã‚’ä¸ãˆã‚‹,My age is beginning to tell on me.,å¹´é½¢ãŒç§ã«å½±éŸ¿ã—å§‹ã‚ã¦ã„ã‚‹ã€‚,My age is beginning to _____ me.,ï¼have a harmful effect on A,2025-12-24 02:26:37.705585+00
966,see to A,see to,Aã‚’å¼•ãå—ã‘ã‚‹/å‡¦ç†ã™ã‚‹,I saw to the big project.,å¤§ããªãƒ—ãƒ­ã‚¸ã‚§ã‚¯ãƒˆã‚’å¼•ãå—ã‘ãŸã€‚,I _____ the big project.,deal withã¨åŒç¾©ã€‚è¦šãˆã‚ã€‚,2025-12-24 02:26:37.705585+00
967,take to A,take to,Aï¼ˆäººãƒ»ç‰©ï¼‰ã‚’å¥½ãã«ãªã‚‹,The students took to their new teacher very quickly.,ç”Ÿå¾’ãŸã¡ã¯æ–°ã—ã„å…ˆç”Ÿã«ã™ãæ…£ã‚ŒãŸã€‚,The students _____ their new teacher very quickly.,take to doingã¯ã€Œç¿’æ…£çš„ã«ãƒ»ãƒ»ã™ã‚‹ã‚ˆã†ã«ãªã‚‹ã€‚ã€çš„ãªæ„Ÿã˜ã€‚,2025-12-24 02:26:37.705585+00
968,make for A,make for,Aã«å‘ã‹ã£ã¦ã„ã,They made for the exit.,å½¼ã‚‰ã¯å‡ºå£ã¸å‘ã‹ã£ãŸã€‚,They _____ the exit.,head for Aã¨åŒç¾©ã€‚makeã£ã¦ä¸‡èƒ½ã‚ˆã­ã€‚,2025-12-24 02:26:37.705585+00
969,care about A,care about,Aã‚’æ°—ã«ã™ã‚‹/å¿ƒé…ã™ã‚‹,My mother cares about me every day.,æ¯ã¯æ¯æ—¥ç§ã®ã“ã¨ã‚’æ°—ã«ã‹ã‘ã¦ã„ã‚‹ã€‚,My mother _____ me every day.,ç´°ã‹ã„ã“ã¨ã¯æ°—ã«ã™ã‚“ãªã€‚,2025-12-24 02:26:37.705585+00
970,care for A,care for,Aã®ä¸–è©±ã‚’ã™ã‚‹,How should I care for the dog?,çŠ¬ã®ä¸–è©±ã¯ã©ã†ã™ã‚Œã°ã„ã„ã§ã™ã‹ã€‚,How should I _____ the dog?,take care ofã¨åŒã˜ã€‚,2025-12-24 02:26:37.705585+00
971,care for A,care for,ï¼ˆé€šä¾‹å¦å®šæ–‡ã§ï¼‰Aã‚’å¥½ã‚€,Would you care for some dessert?,ãƒ‡ã‚¶ãƒ¼ãƒˆã¯ã„ã‹ãŒã§ã™ã‹ã€‚,Would you _____ some dessert?,é€šä¾‹å¦å®šæ–‡ã¯æ™®é€šã®å¦å®šæ–‡ã®ã“ã¨ã€‚,2025-12-24 02:26:37.705585+00
972,account forA,account for,Aã®ç†ç”±ã‚’èª¬æ˜ã™ã‚‹/Aã®åŸå› ã¨ãªã‚‹,The storm accounted for major delays.,åµã¯å¤§ããªé…ã‚Œã®åŸå› ã¨ãªã£ãŸã€‚,The storm _____ major delays.,explain Aã¨åŒã˜,2025-12-24 02:26:37.705585+00
973,account for A,account for,Aï¼ˆå‰²åˆãƒ»éƒ¨åˆ†ãªã©ï¼‰ã‚’å ã‚ã‚‹,This product accounts for 50% of the company's revenue.,ã“ã®è£½å“ã¯ä¼šç¤¾ã®åç›Šã®50ï¼…ã‚’å ã‚ã‚‹ã€‚,This product _____ 50% of the company's revenue.,æ¥½ãªè¦šãˆæ–¹ã«ã™ãŒã‚‹ãªã€‚èº«ä½“ã§è¦šãˆã‚ã€‚,2025-12-24 02:26:37.705585+00
974,take off,take off,é›¢é™¸ã™ã‚‹,The plane will take off tonight.,é£›è¡Œæ©Ÿã¯ä»Šå¤œé›¢é™¸ã™ã‚‹ã€‚,The plane will _____ tonight.,ã¡ãªã‚€ã¨ã€Œç€é™¸ã™ã‚‹ã€ã¯landã€‚,2025-12-24 02:26:37.705585+00
975,put up (at A),put up,ï¼ˆAã«ï¼‰æ³Šã¾ã‚‹,I put up at my friend's house last night.,æ˜¨å¤œå‹é”ã®å®¶ã«æ³Šã¾ã£ãŸã€‚,I _____ at my friend's house last night.,stayï¼ˆat Aï¼‰ã¨åŒã˜ã€‚,2025-12-24 02:26:37.705585+00
976,break down,break down,ï¼ˆæ©Ÿæ¢°ãƒ»ä¹—ã‚Šç‰©ãªã©ãŒï¼‰æ•…éšœã™ã‚‹/ å‹•ã‹ãªããªã‚‹,My bicycle broke down this morning so I was late.,ä»Šæœè‡ªè»¢è»ŠãŒå£Šã‚ŒãŸã®ã§é…åˆ»ã—ãŸã€‚,My bicycle _____ this morning so I was late.,ã‹ãªã‚Šbreakã§downã§ã¯ã‚ã‚‹ã‚ˆã­ã€‚,2025-12-24 02:26:37.705585+00
977,break up,break up,ï¼ˆä¼šè­°ãƒ»ãƒ‘ãƒ¼ãƒ†ã‚£ãƒ¼ãªã©ãŒï¼‰çµ‚ã‚ã‚‹/ è§£æ•£ã™ã‚‹,Mr. Higuchi's birthday party was broken up then.,æ¨‹å£ã•ã‚“ã®èª•ç”Ÿæ—¥ãƒ‘ãƒ¼ãƒ†ã‚£ãƒ¼ã¯ãã®ã¨ãè§£æ•£ã—ãŸã€‚,Mr. Higuchi's birthday party was _____ then.,ã€Œï¼ˆå‹äººãƒ»å¤«å©¦ã®é–¢ä¿‚ãŒï¼‰çµ‚ã‚ã‚‹ã€ã¨ã„ã†æ„å‘³ã‚‚ã‚ã‚‹ã€‚,2025-12-24 02:26:37.705585+00
978,turn out(to be)A,turn out,ï¼ˆAã§ã‚ã‚‹ã¨ï¼‰åˆ¤æ˜ã™ã‚‹/ã‚ã‹ã‚‹,It turned out that her baby was a girl.,èµ¤ã¡ã‚ƒã‚“ã¯å¥³ã®å­ã ã¨åˆ†ã‹ã£ãŸã€‚,It _____ that her baby was a girl.,proveï¼ˆto Aï¼‰ã¨åŒç¾©ã€‚,2025-12-24 02:26:37.705585+00
979,stay up,stay up,ï¼ˆå¯ãªã„ã§ï¼‰èµ·ãã¦ã„ã‚‹,He looks so sleepy because he stayed up until midnight.,å½¼ã¯ã¨ã¦ã‚‚çœ ãã†ã ã€‚æ˜¨å¤œçœŸå¤œä¸­ã¾ã§èµ·ãã¦ã„ãŸã‹ã‚‰ã ã€‚,He looks so sleepy because he _____ until midnight.,ã—ã£ã‹ã‚Šå¯ã‚ˆã†ã€‚,2025-12-24 02:26:37.705585+00
980,watch out,watch out,æ°—ã‚’ã¤ã‘ã‚‹/è­¦æˆ’ã™ã‚‹,Watch out for the step.,æ®µå·®ã«æ°—ã‚’ã¤ã‘ã¦ã€‚,_____ for the step.,look out / be carefulã¨åŒç¾©ã€‚,2025-12-24 02:26:37.705585+00
981,pass away,pass away,ï¼ˆäººãŒï¼‰äº¡ããªã‚‹,Queen Elizabeth passed away in 2022.,ã‚¨ãƒªã‚¶ãƒ™ã‚¹å¥³ç‹ã¯2022å¹´ã«äº¡ããªã£ãŸã€‚,Queen Elizabeth _____ in 2022.,dieã¯ã€Œæ­»ã¬ã€ã€pass awayã¯ã€Œäº¡ããªã‚‹ã€,2025-12-24 02:26:37.705585+00
982,fall behindï¼ˆAï¼‰,fall behind,ï¼ˆAã«ï¼‰é…ã‚Œã‚’ã¨ã‚‹,Don't fall behind.,é…ã‚Œã‚’å–ã‚‹ãªã€‚,Don't _____.,fall è½ã¡ã‚‹ behind å¾Œã‚ã«â†’ã¤ã„ã¦ã„ã‘ãšé…ã‚Œã‚‹,2025-12-24 02:26:37.705585+00
983,wear out,wear out,ï¼ˆé´ãªã©ãŒï¼‰ã™ã‚Šæ¸›ã‚‹,I bought new shoes because the old ones had worn out.,å¤ã„é´ãŒã™ã‚Šæ¸›ã£ãŸã®ã§æ–°ã—ã„é´ã‚’è²·ã£ãŸã€‚,I bought new shoes because the old ones had _____.,ï¼wear away(down),2025-12-24 02:26:37.705585+00
984,die out,die out,ï¼ˆå®¶ç³»ãƒ»ç¨®æ—ãªã©ãŒï¼‰çµ¶æ»…ã™ã‚‹,It is said that human beings will die out in the near future.,äººé¡ã¯è¿‘ã„å°†æ¥çµ¶æ»…ã™ã‚‹ã¨è¨€ã‚ã‚Œã¦ã„ã‚‹ã€‚,It is said that human beings will _____ in the near future.,die æ­»ã¬ out æ¶ˆãˆã‚‹â†’çµ¶æ»…ã™ã‚‹,2025-12-24 02:26:37.705585+00
985,set off,set off,ï¼ˆæ—…è¡Œãªã©ã«ï¼‰å‡ºç™ºã™ã‚‹,My friend had already set off on a trip when I found out about it.,ç§ãŒçŸ¥ã£ãŸã¨ãã«ã¯ã€å‹é”ã¯ã™ã§ã«æ—…è¡Œã«å‡ºç™ºã—ã¦ã„ãŸã€‚,My friend had already _____ on a trip when I found out about it.,ï¼set out,2025-12-24 02:26:37.705585+00
986,set in,set in,ï¼ˆå­£ç¯€ãƒ»å¤©å€™ãªã©ãŒï¼‰å§‹ã¾ã‚‹,Winter set in earlier than usual this year.,ä»Šå¹´ã¯å†¬ãŒä¾‹å¹´ã‚ˆã‚Šæ—©ãå§‹ã¾ã£ãŸã€‚,Winter _____ earlier than usual this year.,set å›ºå®šã•ã‚Œã‚‹ in ä¸­ã«â†’ä¸­ã«å…¥ã‚Šè¾¼ã‚“ã§ã€ãã®çŠ¶æ…‹ãŒç¶šã,2025-12-24 02:26:37.705585+00
987,drop in,drop in,ï¼ˆã¶ã‚‰ã‚Šã¨ï¼‰ç«‹ã¡å¯„ã‚‹ï¼é¡”ã‚’å‡ºã™,Why don't you drop in at my house?,ç§ã®å®¶ã«å¯„ã£ã¦ã„ã‹ãªã„ï¼Ÿ,Why don't you _____ at my house?,ï¼drop byï¼drop around,2025-12-24 02:26:37.705585+00
988,go off,go off,ï¼ˆçˆ†å¼¾ãªã©ãŒï¼‰çˆ†ç™ºã™ã‚‹ï¼ï¼ˆè­¦å ±ãƒ»æ™‚è¨ˆãªã©ãŒï¼‰é³´ã‚‹,A lot of people died when the bomb went off.,çˆ†å¼¾ãŒçˆ†ç™ºã—ã¦å¤šãã®äººãŒæ­»ã‚“ã ã€‚,A lot of people died when the bomb _____.,ï¼explode,2025-12-24 02:26:37.705585+00
989,come to,come to,ï¼ˆäººãŒï¼‰æ„è­˜ã‚’å–ã‚Šæˆ»ã™,An old woman came to in her coffin.,è€å©¦äººã¯æ£ºã®ä¸­ã§æ„è­˜ã‚’å–ã‚Šæˆ»ã—ãŸã€‚,An old woman _____ in her coffin.,ï¼regained consciousnessï¼ˆæ„è­˜ã‚’å–ã‚Šæˆ»ã™ï¼‰,2025-12-24 02:26:37.705585+00
990,"pull up ",pull up,(è»Šãªã©ãŒï¼‰æ­¢ã¾ã‚‹/ä¸€æ™‚åœæ­¢ã™ã‚‹,The small car pulled up at the traffic light.,å°ã•ãªè»ŠãŒä¿¡å·ã§æ­¢ã¾ã£ãŸã€‚,The small car _____ at the traffic light.,=stop,2025-12-24 02:26:37.705585+00
991,stand out,stand out,ç›®ç«‹ã¤,Her light brown hair makes her stand out from others in the group.,å½¼å¥³ã®æ˜ã‚‹ã„èŒ¶è‰²ã®é«ªã¯ã€ã‚°ãƒ«ãƒ¼ãƒ—ã®ä¸­ã§ç›®ç«‹ãŸã›ã¦ã„ã‚‹ã€‚,Her light brown hair makes her _____ from others in the group.,stand out from ã§ã€œã‚ˆã‚Šã‚‚ã‚ã ã¤,2025-12-24 02:26:37.705585+00
992,come out,come out,ï¼ˆæœ¬ãƒ»CDãªã©ãŒï¼‰å‡ºç‰ˆã•ã‚Œã‚‹,The book I wrote came out last year.,ç§ãŒæ›¸ã„ãŸæœ¬ã¯æ˜¨å¹´å‡ºç‰ˆã•ã‚ŒãŸã€‚,The book I wrote _____ last year.,`= be published,2025-12-24 02:26:37.705585+00
993,"show up ",show up,ï¼ˆã²ã¨ãŒï¼‰ï¼ˆå ´æ‰€ã«ï¼‰ç¾ã‚Œã‚‹/æ¥ã‚‹,He showed up at the airport.,å½¼ã¯ç©ºæ¸¯ã«ç¾ã‚ŒãŸã€‚,He _____ at the airport.,ï¼turn up/come,2025-12-24 02:26:37.705585+00
994,turn up,turn up,ï¼ˆç´›å¤±ç‰©ãŒï¼‰è¦‹ã¤ã‹ã‚‹/å‡ºã¦ãã‚‹,The key I lost turned up.,å¤±ãã—ãŸéµãŒè¦‹ã¤ã‹ã£ãŸã€‚,The key I lost _____.,turn å‘ãã‚’å¤‰ãˆã‚‹ up ä¸Šã¸â†’ä¸Šã«å‡ºã‚‹,2025-12-24 02:26:37.705585+00
995,break out,break out,ï¼ˆæˆ¦äº‰ãƒ»ç«äº‹ãƒ»ç—…æ°—ãªã©ï¼‰ç™ºç”Ÿã™ã‚‹/å§‹ã¾ã‚‹,World War II broke out in 1939.,ç¬¬äºŒæ¬¡ä¸–ç•Œå¤§æˆ¦ã¯1939å¹´ã«å‹ƒç™ºã—ãŸã€‚,World War II _____ in 1939.,break å£Šã‚Œã‚‹ out å¤–â†’ä¸­ã®çŠ¶æ…‹ãŒå£Šã‚Œã¦å¤–ã«å‡ºã‚‹ï¼,2025-12-24 02:26:37.705585+00
996,come about,come about,ï¼ˆäºˆæƒ³å¤–ã®ã“ã¨ãŒï¼‰èµ·ã“ã‚‹,How did this accident come about?,ã“ã®äº‹æ•…ã¯ã©ã†ã—ã¦èµ·ã“ã£ãŸã®ã‹ã€‚,How did this accident _____?,ï¼happen,2025-12-24 02:26:37.705585+00
997,break in (on A),break in,ï¼ˆä¼šè©±ãªã©ã®ï¼‰é‚ªé­”ã‚’ã™ã‚‹/å‰²ã‚Šè¾¼ã‚€,Donâ€™t break in on our conversation.,ç§ãŸã¡ã®ä¼šè©±ã«å‰²ã‚Šè¾¼ã‚€ãªã€‚,Donâ€™t _____ on our conversation.,ï¼interrupt A,2025-12-24 02:26:37.705585+00
998,come up with A,come up with,ï¼ˆè€ƒãˆãªã©ï¼‰æ€ã„ã¤ã/ææ¡ˆã™ã‚‹,I came up with a plan to do my homework tomorrow.,æ˜æ—¥å®¿é¡Œã‚’ã™ã‚‹è¨ˆç”»ã‚’æ€ã„ã¤ã„ãŸã€‚,I _____ a plan to do my homework tomorrow.,"ï¼Aã‚’æ€ã„ã¤ã(think of A)/Aã‚’ææ¡ˆã™ã‚‹ï¼ˆpropose Aï¼‰ ",2025-12-24 02:26:37.705585+00
999,catch up with A,catch up with,ã€ŒAï¼ˆäººãƒ»è»Šãƒ»å›½ãªã©ï¼‰ã«è¿½ã„ã¤ãã€,He studied hard to catch up with me.,å½¼ã¯ç§ã«è¿½ã„ã¤ããŸã‚ã«ä¸€ç”Ÿæ‡¸å‘½å‹‰å¼·ã—ãŸã€‚,He studied hard to _____ me.,æ•ã¾ãˆã‚‹(catch)+ä¸Šã¸/å‰ã¸(up)ãŒåˆã‚ã•ã£ãŸå½¢,2025-12-24 02:26:37.705585+00
1000,keep up with A,keep up with,ã€ŒA(äººãƒ»ä¼šè©±ãƒ»å‹‰å¼·ãƒ»æµè¡Œãƒ»å›½éš›æƒ…å‹¢ãªã©)ã«(é…ã‚Œãšã«)ã¤ã„ã¦ã„ãã€,"He runs fast, but I can keep up with him.",å½¼ã¯é€Ÿãèµ°ã‚‹ãŒã€ç§ã¯å½¼ã«ã¤ã„ã¦ã„ã‘ã‚‹ã€‚,"He runs fast, but I can _____ him.",ä¿ã¤ãƒ»ç¶šã‘ã‚‹(keep)ã¨ ä¸Šã¸(up)ãŒåˆã‚ã•ã£ãŸå½¢,2025-12-24 02:26:37.705585+00
1001,put up with A,put up with,ã€ŒA(ä¸å¿«ãªçŠ¶æ³ãƒ»å«Œãªç›¸æ‰‹)ã‚’ãŒã¾ã‚“ã™ã‚‹/Aã«è€ãˆã‚‹ã€,She put up with noise.,å½¼å¥³ã¯é¨’éŸ³ã‚’æˆ‘æ…¢ã—ãŸã€‚,She _____ noise.,endure A/ stand A/ bear A/ tolerate A ã¨åŒç¾©,2025-12-24 02:26:37.705585+00
1002,fall short of A,fall short of,ã€ŒA(ç›®æ¨™ãƒ»æœŸå¾…ãƒ»åŸºæº–ãªã©)ã«é”ã—ãªã„/åŠã°ãªã„ã€,The results fell short of our goal.,çµæœã¯ç§ãŸã¡ã®ç›®æ¨™ã«å±Šã‹ãªã‹ã£ãŸã€‚,The results _____ our goal.,è½ã¡ã‚‹(fall)ã¨ ä¸è¶³ã—ã¦ã€çŸ­ã„(short)ãŒåˆã‚ã•ã£ãŸå½¢,2025-12-24 02:26:37.705585+00
1003," run short of A",run short of,ã€ŒA(ãŠé‡‘ãƒ»æ°´ãƒ»æ™‚é–“ãªã©)ãŒä¸è¶³ã™ã‚‹/è¶³ã‚Šãªããªã‚‹ã€,I ran short of money.,ãŠé‡‘ãŒä¸è¶³ã—ãŸã€‚,I _____ money.,be short of A ã¯ã€ŒAãŒä¸è¶³ã—ã¦ã„ã‚‹/è¶³ã‚Šãªã„ã€ã¨ã„ã†æ„å‘³,2025-12-24 02:26:37.705585+00
1004,run out of A,run out of,ã€ŒA(é£Ÿæ–™ãƒ»ãŠé‡‘ãƒ»ç‡ƒæ–™ãªã©)ãŒå°½ãã‚‹/ãªããªã‚‹ã€,I ran out of money.,ãŠé‡‘ãŒãªããªã£ãŸã€‚,I _____ money.,å‹•è©å¥ã€Œrun out(ä½¿ã„åˆ‡ã‚‹ã€ãªããªã‚‹)+å¯¾è±¡ã‚’ç¤ºã™å‰ç½®è©ã€Œofã€,2025-12-24 02:26:37.705585+00
1005,look up to A,look up to,ã€ŒA(äºº)ã‚’å°Šæ•¬ã™ã‚‹/ç§°è³›ã™ã‚‹ã€,She looks up to her teacher.,å½¼å¥³ã¯å…ˆç”Ÿã‚’å°Šæ•¬ã—ã¦ã„ã‚‹ã€‚,She _____ her teacher.,respect A/ admire Aã¨åŒç¾©,2025-12-24 02:26:37.705585+00
1006,look down on A,look down on,ã€ŒA(äºº)ã‚’è¦‹ä¸‹ã™/è»½è”‘ã™ã‚‹ã€,No one should look down on others.,èª°ã‚‚ä»–äººã‚’è¦‹ä¸‹ã™ã¹ãã§ã¯ãªã„ã€‚,No one should _____ others.,despise A / disrespect A ã¨åŒç¾©,2025-12-24 02:26:37.705585+00
1007,get along with A,get along with,ã€ŒA(äºº)ã¨ä»²è‰¯ãã‚„ã£ã¦ã„ãã€,I get along well with my classmates.,ç§ã¯ã‚¯ãƒ©ã‚¹ãƒ¡ãƒ¼ãƒˆã¨ä»²è‰¯ãã‚„ã£ã¦ã„ã‚‹ã€‚,I _____ well with my classmates.,get alongã¯ã€Œãªã‚“ã¨ã‹ã‚„ã£ã¦ã„ã/ã†ã¾ãã„ã/æš®ã‚‰ã™ã€ã¨ã„ã†æ„å‘³,2025-12-24 02:26:37.705585+00
1008,get on with A,get on with,Aï¼ˆäººï¼‰ã¨ä»²è‰¯ãã‚„ã£ã¦ã„ã,We should get on with our teacher to have fun.,æ¥½ã—ãéã”ã™ãŸã‚ã«å…ˆç”Ÿã¨ã‚‚ä»²è‰¯ãã™ã¹ãã ã€‚,We should _____ our teacher to have fun.,get on ã¯ãªã‚“ã¨ã‹ã‚„ã‚ã†ï¼ã£ã¦ã„ã†æ„å‘³,2025-12-24 02:26:37.705585+00
1009,get through (with) A,get through,A(ä»•äº‹ãªã©ï¼‰ã‚’çµ‚ãˆã‚‹/ä»•ä¸Šã’ã‚‹,She got through her homework.,å½¼å¥³ã¯å®¿é¡Œã‚’ã‚„ã‚Šé‚ã’ãŸã€‚,She _____ her homework.,ä»•äº‹çµ‚ã‚ã£ãŸã‚ã¨ã¯æŠ•ã’å‡ºã—ãŸããªã‚‹ã‚ˆã­ã£ã¦ã„ã†ãµã†ã«ãŠã¼ãˆã‚‹ï¼ˆï¼complete),2025-12-24 02:26:37.705585+00
1010,live up to  A,live up to,Aï¼ˆæœŸå¾…ãƒ»è¦æ±‚ãªã©ï¼‰ã«å¿œãˆã‚‹,She is angry because he did not live up to her expectations.,å½¼ãŒæœŸå¾…ã«å¿œãˆãªã‹ã£ãŸã®ã§å½¼å¥³ã¯æ€’ã£ã¦ã„ã‚‹ã€‚,She is angry because he did not _____ her expectations.,è¦æ±‚ã«ç­”ãˆãªã„ã¨ç”Ÿãã¦ã„ã‘ãªã„ã‚ˆã­ã£ã¦ã„ã†ãµã†ã«è¦šãˆã‚‹,2025-12-24 02:26:37.705585+00
1011,speak ill(badly) of A,speak ill of,Aï¼ˆäººï¼‰ã®ã“ã¨ã‚’æ‚ªãè¨€ã†/è²¶ã™,She often speaks ill of my brother.,å½¼å¥³ã¯ã‚ˆãç§ã®å…„ã®æ‚ªå£ã‚’è¨€ã†ã€‚,She often _____ my brother.,illã‚’wellã«ãªãŠã™ã¨ã€è¤’ã‚ã‚‹ã«ãªã‚‹ã€‚,2025-12-24 02:26:37.705585+00
1012,look out for  A,look out for,Aã«æ³¨æ„ã™ã‚‹/æ°—ã‚’é…ã‚‹,I always look out for team members.,ç§ã¯å¸¸ã«ãƒãƒ¼ãƒ ãƒ¡ãƒ³ãƒãƒ¼ã«æ°—ã‚’é…ã£ã¦ã„ã‚‹ã€‚,I always _____ team members.,ãã®ã¾ã¾ã€‚watch out for ã‚‚ãŠãªã˜ã‚ˆã†ãªæ„å‘³,2025-12-24 02:26:37.705585+00
1013,stand up for A,stand up for,Aï¼ˆäººãƒ»æ€æƒ³ãƒ»æ¨©åˆ©ãªã©ï¼‰ã‚’å®ˆã‚‹/æ“è­·ã™ã‚‹,Our teacher often stands up for Japanese.,ç§ãŸã¡ã®å…ˆç”Ÿã¯ã‚ˆãæ—¥æœ¬ã‚’æ“è­·ã™ã‚‹ã€‚,Our teacher often _____ Japanese.,ã ã„ãŸã„æ“è­·ã™ã‚‹ã¨ãäººã¯ç«‹ã¡ä¸ŠãŒã‚‹,2025-12-24 02:26:37.705585+00
1014,make up for A,make up for,Aï¼ˆä¸è¶³ãƒ»æå¤±ãªã©ï¼‰ã®åŸ‹ã‚åˆã‚ã›ã‚’ã™ã‚‹,I make up for the lost materials.,ç§ã¯å¤±ã‚ã‚ŒãŸæ•™æã‚’è£œã£ãŸã€‚,I _____ the lost materials.,ä½œã£ã¦åŸ‹ã‚åˆã‚ã›ã‚’ã—ã‚ˆã†ã¨ã„ã†æ„å‘³,2025-12-24 02:26:37.705585+00
1015,do away with A,do away with,Aï¼ˆè¦å‰‡ãƒ»åˆ¶åº¦ãªã©ï¼‰ã‚’å»ƒæ­¢ã™ã‚‹,The school did away with uniforms.,å­¦æ ¡ã¯åˆ¶æœã‚’å»ƒæ­¢ã—ãŸã€‚,The school _____ uniforms.,å»ƒæ­¢ï¼awayã§ã©ã£ã‹ã‚„ã‚‹ã¨ã„ã†æ„å‘³,2025-12-24 02:26:37.705585+00
1016,brush up (on) A,brush up on,Aï¼ˆå¿˜ã‚Œã¦ã„ãŸçŸ¥è­˜ã‚„æŠ€è¡“ãªã©ï¼‰ã‚’ç£¨ãç›´ã™,I want to brush up on our opinions.,ç§ãŸã¡ã®æ„è¦‹ã‚’ç£¨ãç›´ã—ãŸã„ã€‚,I want to _____ our opinions.,ãã®ã¾ã¾ã€‚ã“ã‚ŒãŒé¡Œåã®ãƒ‰ãƒ©ãƒãŒã‚ã‚‹ã®ã§ãŠã™ã™ã‚,2025-12-24 02:26:37.705585+00
1017,get rid of  A,get rid of,Aï¼ˆä¸å¿«ãªçŠ¶æ³ï¼‰ã‹ã‚‰æŠœã‘å‡ºã™/Aã‚’å–ã‚Šé™¤ã,I finally got rid of the final examination.,ã¤ã„ã«æœŸæœ«è©¦é¨“ã‚’å–ã‚Šé™¤ã„ãŸã€‚,I finally _____ the final examination.,(=remove A),2025-12-24 02:26:37.705585+00
1018,give in (to A),give in to,ï¼ˆAã«ï¼‰é™å‚ã™ã‚‹/å±ˆæœã™ã‚‹,I gave in to temptation and had a snack.,ç§ã¯èª˜æƒ‘ã«è² ã‘ã¦ãŠè“å­ã‚’é£Ÿã¹ãŸã€‚,I _____ temptation and had a snack.,"(=yield(to A)),(=give way (to A))",2025-12-24 02:26:37.705585+00
1019,make do with A,make do with,ï¼ˆååˆ†ã§ã¯ãªã„ãŒä½•ã¨ã‹ï¼‰Aã§é–“ã«åˆã‚ã›ã‚‹/ã™ã¾ã™,We had to make do with rice balls for lunch.,æ˜¼é£Ÿã¯ãŠã«ãã‚Šã§æ¸ˆã¾ã›ãªã‘ã‚Œã°ãªã‚‰ãªã‹ã£ãŸã€‚,We had to _____ rice balls for lunch.,ã€Œdoï¼ã‚„ã‚Šãã‚Šã™ã‚‹ã€withï¼æ‰‹æŒã¡ã§ã€â‡’ã‚ã‚‹ã‚‚ã®ã§ã‚„ã‚‹,2025-12-24 02:26:37.705585+00
1020,"make light of A ",make light of,Aã‚’è»½ã‚“ã˜ã‚‹/ç”˜ãè¦‹ã‚‹,I regret making light of this test.,ã“ã®ãƒ†ã‚¹ãƒˆã‚’è»½è¦–ã—ãŸã“ã¨ã‚’å¾Œæ‚”ã—ã¦ã„ã‚‹ã€‚,I regret _____ this test.,ã€Œlightï¼è»½ã„ã€â‡’å•é¡Œã‚’è»½ãã™ã‚‹,2025-12-24 02:26:37.705585+00
1021,make much of A,make much of,Aã‚’é‡è¦–ã™ã‚‹/é‡ã‚“ã˜ã‚‹,She tends to make much of little things.,å½¼å¥³ã¯å°ã•ãªã“ã¨ã‚’å¤§ã’ã•ã«ã™ã‚‹å‚¾å‘ãŒã‚ã‚‹ã€‚,She tends to _____ little things.,"(=value A),å¦å®šçš„ãªãƒ‹ãƒ¥ã‚¢ãƒ³ã‚¹ã‚’æŒã¤",2025-12-24 02:26:37.705585+00
1022,think better of A,think better of,Aã‚’è€ƒãˆç›´ã—ã¦è¾ã‚ã‚‹,I think better of you than I did before.,å‰ã‚ˆã‚Šã‚ãªãŸã‚’é«˜ãè©•ä¾¡ã—ã¦ã„ã‚‹ã€‚,I _____ you than I did before.,ã€Œbetterï¼ã‚ˆã‚Šã‚ˆãè€ƒãˆã‚‹ã€â‡’å†·é™ã«ãªã£ã¦è€ƒãˆã‚‹,2025-12-24 02:26:37.705585+00
1023,share A with B,share A with B,Aï¼ˆã‚‚ã®ï¼‰ã‚’Bï¼ˆäººï¼‰ã¨å…±æœ‰ã™ã‚‹/åˆ†ã‘åˆã†,I shared my textbooks with my friends.,æ•™ç§‘æ›¸ã‚’å‹é”ã¨å…±æœ‰ã—ãŸã€‚,I _____ my textbooks with my friends.,ã€Œwithï¼ä¸€ç·’ã«ã€â‡’Aã‚’ä¸€ç·’ã«ä½¿ã†,2025-12-24 02:26:37.705585+00
1024,distinguish A from B,distinguish A from B,Aã¨Bã‚’åŒºåˆ¥ã™ã‚‹,It's hard to distinguish fact from fiction.,äº‹å®Ÿã¨è™šæ§‹ã‚’åŒºåˆ¥ã™ã‚‹ã®ã¯é›£ã—ã„ã€‚,It's hard to _____ fact from fiction.,(=tell A from B),2025-12-24 02:26:37.705585+00
1025,tell A from B,tell A from B,Aã¨Bã‚’åŒºåˆ¥ã™ã‚‹,It is difficult to tell the twins from each other.,åŒå­ã‚’è¦‹åˆ†ã‘ã‚‹ã®ã¯é›£ã—ã„ã€‚,It is difficult to _____ the twins from each other.,ã€Œfromï¼åˆ†ã‘ã‚‹ã€â‡’Aã‚’Bã‹ã‚‰åˆ†ã‘ã‚‹,2025-12-24 02:26:37.705585+00
1026,order A from B,order A from B,A(å“ç‰©ï¼‰ã‚’Bï¼ˆåº—ãƒ»å ´æ‰€ï¼‰ã«æ³¨æ–‡ã™ã‚‹,I ordered a hamburger from that restaurant.,ã‚ã®ãƒ¬ã‚¹ãƒˆãƒ©ãƒ³ã§ãƒãƒ³ãƒãƒ¼ã‚¬ãƒ¼ã‚’æ³¨æ–‡ã—ãŸã€‚,I _____ a hamburger from that restaurant.,order A to B ã¯ã€ŒAã‚’æ³¨æ–‡ã—ã¦Bã«é€ã‚‹ã€ã¨ã„ã†æ„å‘³ã«ãªã‚‹,2025-12-24 02:26:37.705585+00
1027,spend A on B,spend A on B,A(æ™‚é–“ãƒ»ãŠé‡‘ï¼‰ã‚’Bã«ä½¿ã†/è²»ã‚„ã™,I spend a lot of money on my hobbies.,è¶£å‘³ã«å¤šãã®ãŠé‡‘ã‚’ä½¿ã†ã€‚,I _____ a lot of money on my hobbies.,ã€Œonï¼ä¸Šã«ã«ã®ã›ã‚‹ã€â‡’ãŠé‡‘ãƒ»æ™‚é–“ã‚’Bã®ä¸Šã«ãƒãƒ³ã¨ç½®ãã‚¤ãƒ¡ãƒ¼ã‚¸,2025-12-24 02:26:37.705585+00
1028,congratulate A on B / doing,congratulate A on B,Aï¼ˆäººï¼‰ã«Bã®ã“ã¨ï½›â€¦ã—ãŸã“ã¨ï½ã§ãŠç¥ã„ã‚’è¿°ã¹ã‚‹,She congratulated me on passing the exam.,å½¼å¥³ã¯ç§ãŒè©¦é¨“ã«åˆæ ¼ã—ãŸã“ã¨ã‚’ç¥ã£ã¦ãã‚ŒãŸã€‚,She _____ me on passing the exam.,ã€Œonï¼ç†ç”±ãƒ»ãã£ã‹ã‘ã€â‡’Bã‚’åœŸå°ã«ã—ã¦Aã‚’ç¥ã†,2025-12-24 02:26:37.705585+00
1029,contribute A on [upon] B / doing,contribute A to B,A(ãŠé‡‘ãƒ»æ™‚é–“ãƒ»æ´åŠ©ãªã©ï¼‰ã‚’Bã«ä¸ãˆã‚‹/æä¾›ã™ã‚‹,I'll never contribute money to you like a fool.,æ„šã‹è€…ã®ã‚ˆã†ã«ã‚ãªãŸã«ãŠé‡‘ã‚’æ¸¡ã™ã“ã¨ã¯äºŒåº¦ã¨ãªã„ã€‚,I'll never _____ money to you like a fool.,contributeã®ã‚‚ã¨ã®æ„å‘³ã‹ã‚‰ãã®ã¾ã¾æ´¾ç”Ÿã§ãã‚‹,2025-12-24 02:26:37.705585+00
1030,devote A to B/doing,devote A to B,Aï¼ˆæ™‚é–“ãƒ»ãŠé‡‘ãƒ»åŠ´åŠ›ãªã©ï¼‰ã‚’Bï¼ˆäººãƒ»ä»•äº‹ãƒ»ç›®çš„ãªã©ï¼‰ï½›...ã™ã‚‹ã“ã¨ï½ã«ã•ã•ã’ã‚‹,Bachapig devoted everything to Vtubers.,ãƒãƒãƒ£ãƒ”ã‚°ã¯ã™ã¹ã¦ã‚’Vtuberã«æ§ã’ãŸã€‚,Bachapig _____ everything to Vtubers.,(=dedicate A to B / doing),2025-12-24 02:26:37.705585+00
1031,attribute A to B,attribute A to B,Aï¼ˆçµæœï¼‰ã¯BãŒåŸå› ã ã¨è€ƒãˆã‚‹ï½›è¨€ã†ï½,Yuushi attributed the studying slowdown to him.,é›„å¿—ã¯å‹‰å¼·ã®é…ã‚Œã‚’å½¼ã®ã›ã„ã«ã—ãŸã€‚,Yuushi _____ the studying slowdown to him.,(=ascribe A to B),2025-12-24 02:26:37.705585+00
1032,leave A for B,leave A for B,Bï¼ˆç›®çš„åœ°ï¼‰ã«å‘ã‘ã¦Aã‚’é›¢ã‚Œã‚‹/Aã‹ã‚‰Bã«å‘ã‹ã†,I am going to leave Japan for Gunma.,ç§ã¯ç¾¤é¦¬ã«è¡ŒããŸã‚ã«æ—¥æœ¬ã‚’é›¢ã‚Œã‚‹ã€‚,I am going to _____ Japan for Gunma.,"leave Aã€ŒAã‚’é›¢ã‚Œã‚‹ã€, leave for A ã€ŒAã«å‘ã‹ã†ã€ã¨ã„ã†å½¢ã§ã‚‚ç”¨ã„ã‚‹",2025-12-24 02:26:37.705585+00
1033,exchange A for B,exchange A for B,A(é€šè²¨)ã‚’B(ä»–ã®é€šè²¨)ã«ä¸¡æ›¿ã™ã‚‹,He exchanged yen for Zimbabwean gold.,å½¼ã¯å††ã‚’ã‚¸ãƒ³ãƒãƒ–ã‚¨ã®é‡‘ã«äº¤æ›ã—ãŸã€‚,He _____ yen for Zimbabwean gold.,ä¸¡æ›¿ã™ã‚‹ã¨ãäº¤æ›(exchange)ã™ã‚‹ã‹ã‚‰,2025-12-24 02:26:37.705585+00
1034,take A for B,take A for B,Aã‚’Bã ã¨æ€ã†ï¼Aã‚’Bã ã¨(åˆ¥ã®äººãƒ»ç‰©)ã¨é–“é•ãˆã‚‹,You took him for my grandfather.,ã‚ãªãŸã‚’ç¥–çˆ¶ã ã¨æ€ã£ãŸã€‚,You _____ him for my grandfather.,(=mistake A for B),2025-12-24 02:26:37.705585+00
1035," mistake A for B",mistake A for B,Aã‚’B(åˆ¥ã®äººãƒ»ç‰©)ã¨é–“é•ãˆã‚‹ã€€(=take A for B),My grandfather mistook you for my grandmother.,ç¥–çˆ¶ã¯ã‚ãªãŸã‚’ç¥–æ¯ã ã¨é–“é•ãˆãŸã€‚,My grandfather _____ you for my grandmother.,ä¸Šã¨ä¸€ç·’ã§ã™ã€‚,2025-12-24 02:26:37.705585+00
1036,ask A for B,ask A for B,A(äºº)ã«Bã‚’(ãã‚Œã¨)é ¼ã‚€/è¦æ±‚ã™ã‚‹,I asked the waiter for tea.,ã‚¦ã‚§ã‚¤ã‚¿ãƒ¼ã«ç´…èŒ¶ã‚’é ¼ã‚“ã ã€‚,I _____ the waiter for tea.,ask A to do ã€ŒA ã«doã™ã‚‹ã‚ˆã†ã«é ¼ã‚€ã€,2025-12-24 02:26:37.705585+00
1037,name A after[for] B,name A after B,Bã«ã¡ãªã‚“ã§Aã«åå‰ã‚’ã¤ã‘ã‚‹,He named his children after football players.,å½¼ã¯å­ä¾›ã«ã‚µãƒƒã‚«ãƒ¼é¸æ‰‹ã®åå‰ã‚’ã¤ã‘ãŸã€‚,He _____ his children after football players.,ã®å¾Œï¼ˆafterï¼‰ã‚’ç¶™ã„ã§ã¨ã„ã†ã‚¤ãƒ¡ãƒ¼ã‚¸,2025-12-24 02:26:37.705585+00
1038,depend on[upon] A for B,depend on A for B,Aã«B(æ´åŠ©ãªã©)ã‚’ä¾å­˜ã™ã‚‹/é ¼ã‚‹,I depend on my dog for comfort.,ç§ã¯æ…°ã‚ã®ãŸã‚ã«çŠ¬ã«é ¼ã£ã¦ã„ã‚‹ã€‚,I _____ my dog for comfort.,è¶…dependã£ã¦æ„Ÿã˜ åƒ•ã§ã‚‚è¦šãˆã¦ã„ã‚‹ã€‚,2025-12-24 02:26:37.705585+00
1039,turn to A for B,turn to A for B,B(æ´åŠ©ãƒ»å¿ å‘Šãªã©)ã‚’(æ±‚ã‚ã¦)Aã«é ¼ã‚‹,I always turn to my dog for advice.,ç§ã¯ã„ã¤ã‚‚åŠ©è¨€ã‚’çŠ¬ã«æ±‚ã‚ã‚‹ã€‚,I always _____ my dog for advice.,åŠ©ã‘ã¦ã»ã—ã„äººã«å‘ãï¼ˆtoï¼‰ä½•ã‚’æ±‚ã‚ã‚‹ã®ã‹ï¼ˆforï¼‰,2025-12-24 02:26:37.705585+00
1040,take part in A,take part in,A(æ´»å‹•ãƒ»å‚¬ã—ã‚‚ã®ãªã©ï¼‰ã«å‚åŠ ã™ã‚‹,She took part in the food event.,å½¼å¥³ã¯é£Ÿã¹ç‰©ã®ã‚¤ãƒ™ãƒ³ãƒˆã«å‚åŠ ã—ãŸã€‚,She _____ the food event.,(=participate in A),2025-12-24 02:26:37.705585+00
1041,play a part[role] in A,play a part in,Aã«ãŠã„ã¦å½¹å‰²ã‚’æœãŸã™,Luck played a part in our victory.,å¹¸é‹ãŒç§ãŸã¡ã®å‹åˆ©ã«ä¸€å½¹è²·ã£ãŸã€‚,Luck _____ our victory.,Aã«å…¥ã‚Šè¾¼ã‚€â†’Aã«é–¢ã‚ã‚‹â†’Aã«å‚åŠ ã™ã‚‹,2025-12-24 02:26:37.705585+00
1042,do one's part,do one's part,è‡ªåˆ†ã®å½¹å‰²ã‚’æœãŸã™,I did my part and brought the snacks.,ç§ã¯è‡ªåˆ†ã®å½¹å‰²ã‚’æœãŸã—ã€ãŠè“å­ã‚’æŒã£ã¦ããŸã€‚,I _____ my part and brought the snacks.,è‡ªåˆ†ã®ãƒ‘ãƒ¼ãƒˆã‚’ã‚„ã‚‹ï¼ˆï¼è‡ªåˆ†ã®å½¹å‰²ã‚’æœãŸã™ï¼‰,2025-12-24 02:26:37.705585+00
1043,"catch[get] sight of A (doing)
(=catch[get/have] 
a glimpse of A (doing))",catch sight of,AãŒ(â€¦ã™ã‚‹ã®ãŒ)ã¡ã‚‰ã£ã¨è¦‹ãˆã‚‹,I caught sight of Ohohori running under the fence in the backyard.,åº­ã®æŸµã®ä¸‹ã‚’èµ°ã‚‹å¤§å €ã‚’è¦‹ã‹ã‘ãŸã€‚,I _____ Ohohori running under the fence in the backyard.,sightï¼ˆå…‰æ™¯ï¼‰ã‚’catch/getã™ã‚‹â†’è¦‹ã‹ã‘ã‚‹â†’ã¡ã‚‰ã£ã¨è¦‹ãˆã‚‹,2025-12-24 02:26:37.705585+00
1044,lose sight of A,lose sight of,Aã‚’è¦‹å¤±ã† / è¦‹è½ã¨ã™,He lost sight of the ship.,å½¼ã¯èˆ¹ã‚’è¦‹å¤±ã£ãŸã€‚,He _____ the ship.,sightï¼ˆè¦–è¦šã€è¦–åŠ›ï¼‰ã‚’lostã™ã‚‹â†’è¦‹å¤±ã£ã¦ã‚‹,2025-12-24 02:26:37.705585+00
1045,take one's time,take one's time,ã‚†ã£ãã‚Š / ã˜ã£ãã‚Šï¼ˆæ™‚é–“ã‚’ã‹ã‘ã¦ï¼‰ã‚„ã‚‹,You should take your time in everything that you do.,ä½•äº‹ã‚‚æ™‚é–“ã‚’ã‹ã‘ã‚‹ã¹ãã ã€‚,You should _____ in everything that you do.,timeï¼ˆæ™‚é–“ï¼‰ã‚’takeã™ã‚‹â†’æ™‚é–“ã‚’ã‹ã‘ã¦ã‚„ã‚‹,2025-12-24 02:26:37.705585+00
1046,kill time,kill time,æ™‚é–“ã‚’ã¤ã¶ã™,I went to the bookstore to kill time.,æœ¬å±‹ã«è¡Œã£ã¦æ™‚é–“ã‚’ã¤ã¶ã—ãŸã€‚,I went to the bookstore to _____.,æ™‚é–“(time)ã‚’ä½¿ã„æ®ºã™(kill),2025-12-24 02:26:37.705585+00
1047,"give way (to A)
(=give in (to A) / yield (to A))",give way to,ï¼ˆAã«ï¼‰è­²æ­©ã™ã‚‹ / å±ˆã™ã‚‹,He refused to give way to their demands.,å½¼ã¯å½¼ã‚‰ã®è¦æ±‚ã«å±ˆã™ã‚‹ã“ã¨ã‚’æ‹’ã‚“ã ã€‚,He refused to _____ their demands.,å‹•è©yieldã¯â‘ ç”Ÿã¿å‡ºã™â‘¡å±ˆã™ã‚‹ã€è² ã‘ã‚‹,2025-12-24 02:26:37.705585+00
1048,make way for A,make way for,Aã«é“ã‚’ã‚ã‘ã‚‹ / é“ã‚’è­²ã‚‹,They drove slowly to make way for each other.,å½¼ã‚‰ã¯äº’ã„ã«é“ã‚’è­²ã‚‹ãŸã‚ã«ã‚†ã£ãã‚Šé‹è»¢ã—ãŸã€‚,They drove slowly to _____ each other.,é“ï¼ˆwayï¼‰ã‚’makeã™ã‚‹â†’é“ã‚’ã‚ã‘ã‚‹,2025-12-24 02:26:37.705585+00
1049,have[get] one's (own) way,have one's way,è‡ªåˆ†ã®æ€ã„é€šã‚Šã«ã™ã‚‹ / å‹æ‰‹ãªã¾ã­ã‚’ã™ã‚‹,He wants to have his own way in everything he does.,å½¼ã¯ä½•äº‹ã«ã‚‚è‡ªåˆ†ã®ã‚„ã‚Šæ–¹ã‚’é€šã—ãŸãŒã£ã¦ã„ã‚‹ã€‚,He wants to _____ in everything he does.,one's way è‡ªåˆ†ã®æ–¹æ³•,2025-12-24 02:26:37.705585+00
1050,take place,take place,ï¼ˆå‚¬ã—ãªã©ãŒï¼‰ï¼ˆäºˆå®šé€šã‚Šï¼‰è¡Œã‚ã‚Œã‚‹ / ï¼ˆå¶ç„¶ï¼‰èµ·ã“ã‚‹,The next Olympics will take place in Milan and Cortina d'Ampezzo.,æ¬¡ã®ã‚ªãƒªãƒ³ãƒ”ãƒƒã‚¯ã¯ãƒŸãƒ©ãƒã¨ã‚³ãƒ«ãƒ†ã‚£ãƒŠãƒ»ãƒ€ãƒ³ãƒšãƒƒãƒ„ã‚©ã§é–‹å‚¬ã•ã‚Œã‚‹ã€‚,The next Olympics will _____ in Milan and Cortina d'Ampezzo.,ï¼ be held/ be carried out/ be hosted,2025-12-24 02:26:37.705585+00
1051,"take the place of A
take A's place
(=replace A)",take the place of,Aã«å–ã£ã¦ä»£ã‚ã‚‹,Instant noodles took the place of dinner.,ã‚¤ãƒ³ã‚¹ã‚¿ãƒ³ãƒˆãƒ©ãƒ¼ãƒ¡ãƒ³ãŒå¤•é£Ÿã®ä»£ã‚ã‚Šã«ãªã£ãŸã€‚,Instant noodles _____ dinner.,ï¼replace A,2025-12-24 02:26:37.705585+00
1052,have an effect on A,have an effect on,Aã«å½±éŸ¿ã‚’åŠã¼ã™,Carbon dioxide emissions have an effect on global warming.,äºŒé…¸åŒ–ç‚­ç´ ã®æ’å‡ºã¯åœ°çƒæ¸©æš–åŒ–ã«å½±éŸ¿ã‚’ä¸ãˆã‚‹ã€‚,Carbon dioxide emissions _____ global warming.,Aã«å½±éŸ¿(effect)ãŒã‚ã‚‹(have),2025-12-24 02:26:37.705585+00
1053,take effect,take effect,(è–¬ãªã©ãŒ)åŠ¹ã/åŠ¹æœã‚’ç¾ã™,The medicine started to take effect in 10 minutes.,è–¬ã¯10åˆ†ã§åŠ¹ãå§‹ã‚ãŸã€‚,The medicine started to _____ in 10 minutes.,take(å–ã‚‹)+effect(åŠ¹æœï¼‰ã§åŠ¹æœãŒåŠ¹ã,2025-12-24 02:26:37.705585+00
1054,take A into account,take A into account,Aã‚’è€ƒæ…®ã«å…¥ã‚Œã‚‹,Take into account that he is not human.,å½¼ãŒäººé–“ã§ã¯ãªã„ã“ã¨ã‚’è€ƒæ…®ã«å…¥ã‚Œãªã•ã„ã€‚,_____ that he is not human.,take(å–ã‚‹ï¼‰into(ä¸­ã¸ï¼‰account(è¨ˆç®—ï¼‰ã§è¨ˆç®—ã«å…¥ã‚Œã¦into account(è€ƒæ…®ï¼‰ã™ã‚‹,2025-12-24 02:26:37.705585+00
1055,take A into consideration,take A into consideration,Aã‚’è€ƒæ…®ã«å…¥ã‚Œã‚‹,We'll have to take the heavy traffic into consideration so that we can arrive on time.,æ¸‹æ»ã‚’è€ƒæ…®ã«å…¥ã‚Œã¦ã€æ™‚é–“é€šã‚Šã«åˆ°ç€ã§ãã‚‹ã‚ˆã†ã«ã—ãªã‘ã‚Œã°ãªã‚‰ãªã„ã€‚,We'll have to _____ the heavy traffic into consideration so that we can arrive on time.,take(å–ã‚‹ï¼‰into(ä¸­ã¸ï¼‰consideration(è€ƒæ…®ï¼‰è€ƒæ…®ã®ä¸­ã«å–ã‚Šè¾¼ã‚€,2025-12-24 02:26:37.705585+00
1056,lose face,lose face,é¢ç›®ã‚’å¤±ã†/é¡”ã‚’ã¤ã¶ã™,Defeating the teacher and losing face.,å…ˆç”Ÿã‚’æ‰“ã¡è² ã‹ã—ã¦é¢ç›®ã‚’å¤±ã£ãŸã€‚,Defeating the teacher and _____.,ç›¸æ‰‹ã®é¡”(face)ã‚’å¤±ã‚ã›ã‚‹(lose),2025-12-24 02:26:37.705585+00
1057,make a face (faces),make a face,ï¼ˆAã«ï¼‰ã—ã‹ã‚ã£é¢ã‚’ã™ã‚‹,The little girl made a face when her mother asked her to drink the milk.,å°ã•ãªå¥³ã®å­ã¯æ¯è¦ªã«ç‰›ä¹³ã‚’é£²ã‚€ã‚ˆã†ã«è¨€ã‚ã‚Œã¦é¡”ã‚’ã—ã‹ã‚ãŸã€‚,The little girl _____ when her mother asked her to drink the milk.,ã—ã‹ã‚ã£é¢ï¼ˆa faceï¼‰ã‚’ã€€ã¤ãã‚‹ï¼ˆmadeï¼‰,2025-12-24 02:26:37.705585+00
1058,keep an eye on [upon] A,keep an eye on,Aã‹ã‚‰ç›®ã‚’é›¢ã•ãªã„/(å®‰å…¨ã®ãŸã‚ã«)Aã‚’ã˜ã£ã¨è¦‹å®ˆã‚‹,Keep an eye on the snail moving at the speed of light.,å…‰ã®é€Ÿã•ã§å‹•ãã‚«ã‚¿ãƒ„ãƒ ãƒªã«ç›®ã‚’é›¢ã•ãªã„ã§ã€‚,_____ the snail moving at the speed of light.,ç›®(eye)ã‚’é›¢ã•ãªã„(keep),2025-12-24 02:26:37.705585+00
1059,burst into tears,burst into tears,çªç„¶æ³£ãå‡ºã™,"The moment she saw the tall man, the little girl burst into tears.",èƒŒã®é«˜ã„ç”·ã‚’è¦‹ãŸç¬é–“ã€å°ã•ãªå¥³ã®å­ã¯æ³£ãå‡ºã—ãŸã€‚,"The moment she saw the tall man, the little girl _____.",æ¶™ãŒãƒãƒ¼ãƒ¼ãƒ³ï¼ï¼(burst)ã¨å¹ãå‡ºã™(burst),2025-12-24 02:26:37.705585+00
1060,hold ones's tongue,hold one's tongue,é»™ã£ã¦ã„ã‚‹/æ²ˆé»™ã‚’å®ˆã‚‹,"I do not know why, but he has been holding his tongue for decades.",ãªãœã‹åˆ†ã‹ã‚‰ãªã„ãŒã€å½¼ã¯ä½•åå¹´ã‚‚é»™ã£ã¦ã„ã‚‹ã€‚,"I do not know why, but he has been _____ for decades.",è‡ªåˆ†ã®èˆŒ(tangue)ãŒå›ºã¾ã£ã¦ã„ã‚‹(hold),2025-12-24 02:26:37.705585+00
1061,take Aâ€™s breath away,take Aâ€™s breath away,ï¼ˆç¾ã—ã•ãƒ»é©šããªã©ã§ï¼‰Aã‚’ãƒãƒƒã¨ã•ã›ã‚‹/æ¯ã‚’ã®ã¾ã›ã‚‹,The beautiful shadows of the mountains completely took my breath away.,å±±ã®ç¾ã—ã„å½±ãŒç§ã®æ¯ã‚’å®Œå…¨ã«å¥ªã£ãŸã€‚,The beautiful shadows of the mountains completely _____.,æ¯ãŒã©ã£ã‹è¡Œãã®ã§ãã†ã„ã†ã“ã¨,2025-12-24 02:26:37.705585+00
1062,pull A's leg,pull A's leg,Aã‚’ã‹ã‚‰ã‹ã†/Aã‚’ï¼ˆå†—è«‡ã§ï¼‰ã ã¾ã™,"He is a mean guy, who loves pulling the monkeys' legs at the zoo.",å½¼ã¯æ„åœ°æ‚ªãªç”·ã§ã€å‹•ç‰©åœ’ã§ã‚µãƒ«ã‚’ã‹ã‚‰ã‹ã†ã®ãŒå¥½ãã ã€‚,"He is a mean guy, who loves _____ the monkeys' legs at the zoo.",è¶³ã‚’å¼•ã£å¼µã‚‹ã¨ã„ã†æ„å‘³ã§ã¯ãªã„,2025-12-24 02:26:37.705585+00
1063,rise (get/come)to one`s feet,rise to one's feet,ç«‹ã¡ä¸ŠãŒã‚‹,"When the speech ended, many people rose to their feet to clap their hands.",æ¼”èª¬ãŒçµ‚ã‚ã‚‹ã¨ã€å¤šãã®äººãŒç«‹ã¡ä¸ŠãŒã£ã¦æ‹æ‰‹ã—ãŸã€‚,"When the speech ended, many people _____ to clap their hands.",è¶³ã‚’å‡ºã™çš„ãªã‚¤ãƒ¡ãƒ¼ã‚¸ã ã‹ã‚‰ç«‹ã¡ä¸ŠãŒã‚‹,2025-12-24 02:26:37.705585+00
1064,get on A's nerves,get on A's nerves,Aã®ç¥çµŒ[ã‹ã‚“]ã«ã•ã‚ã‚‹/Aã‚’ã„ã‚‰ã„ã‚‰ã•ã›ã‚‹,The noise really gets on my nerves! Could you please close the window?,ãã®é¨’éŸ³ã¯æœ¬å½“ã«ç¥çµŒã«éšœã‚‹ï¼çª“ã‚’é–‰ã‚ã¦ãã‚Œãªã„ã‹ã€‚,The noise really _____! Could you please close the window?,nervesã¯ç¥çµŒã¨ã„ã†æ„å‘³,2025-12-24 02:26:37.705585+00
1065,lose oneâ€™s temper,lose one's temper,è…¹ã‚’ç«‹ã¦ã‚‹,I lost my temper because I was forced to work by Higuchi.,ãƒ’ã‚°ãƒã«åƒã‹ã•ã‚Œã¦ã€ç§ã¯ã‹ã£ã¨ãªã£ãŸã€‚,I _____ because I was forced to work by Higuchi.,ä¾‹æ–‡ã£ã§è¦šãˆã‚Œã°ï¼Ÿ,2025-12-24 02:26:37.705585+00
1066,learn A by heart,learn A by heart,Aã‚’æš—è¨˜ã™ã‚‹,I found it enjoyable to learn poems by heart and read them aloud.,è©©ã‚’æš—è¨˜ã—ã¦å£°ã«å‡ºã—ã¦èª­ã‚€ã®ã¯æ¥½ã—ã‹ã£ãŸã€‚,I found it enjoyable to _____ poems by heart and read them aloud.,èŠ¯(heart)ã¾ã§å­¦ã¶(learn),2025-12-24 02:26:37.705585+00
1067,make up oneâ€™s mind,make up oneâ€™s mind,æ±ºå¿ƒã™ã‚‹,I should make up my mind.,ç§ã¯æ±ºå¿ƒã™ã¹ãã ã€‚,I should _____.,upã¯å®Œå…¨ã«ã¿ãŸã„ãªã‚¤ãƒ¡ãƒ¼ã‚¸ãªã®ã§mindã‚’å®Œå…¨ã«ã™ã‚‹ã£ã¦ã“ã¨,2025-12-24 02:26:37.705585+00
1068,keep [bear] A in mind,keep A in mind,Aã‚’å¿ƒã«ç•™ã‚ã¦ãŠã/è¦šãˆã¦ã„ã‚‹,Please keep in mind that you're an observer: you're not allowed to intervene in their argument.,ã‚ãªãŸã¯è¦³å¯Ÿè€…ã§ã‚ã‚Šã€å½¼ã‚‰ã®è­°è«–ã«ä»‹å…¥ã—ã¦ã¯ã„ã‘ãªã„ã“ã¨ã‚’å¿ƒã«ç•™ã‚ã¦ãŠã„ã¦ãã ã•ã„ã€‚,Please _____ that you're an observer: you're not allowed to intervene in their argument.,mindâ†’å¿ƒã€€å¿ƒ(mind)ã«ç•™ã‚ã¦ãŠã(keep),2025-12-24 02:26:37.705585+00
1069,keep oneâ€™s word(promise),keep one's word,ç´„æŸã‚’å®ˆã‚‹,I believe that I am a person who keeps my own promises.,ç§ã¯è‡ªåˆ†ã®ç´„æŸã‚’å®ˆã‚‹äººé–“ã ã¨ä¿¡ã˜ã¦ã„ã‚‹ã€‚,I believe that I am a person who _____ my own promises.,"wardâ†’ç´„æŸã€€ç´„æŸ(promise , ward)ã‚’å®ˆã‚‹(keep)",2025-12-24 02:26:37.705585+00
1070,have words (with A),have words,(Aã¨)å£è«–ã™ã‚‹/å£ã’ã‚“ã‹ã™ã‚‹,"After having words with her husband, she immediately went to bed.",å¤«ã¨å£è«–ã—ãŸå¾Œã€å½¼å¥³ã¯ã™ãã«å¯å®¤ã«è¡Œã£ãŸã€‚,"After _____ with her husband, she immediately went to bed.",è¨€è‘‰ã§(word)Aã¨(with A )ã‘ã‚“ã‹ã™ã‚‹(have),2025-12-24 02:26:37.705585+00
1071,catch fire,catch fire,ï¼ˆç‰©ãŒï¼‰ç‡ƒãˆå‡ºã™,My house caught fire yesterday.,æ˜¨æ—¥ã€ç§ã®å®¶ãŒç«äº‹ã«ãªã£ãŸã€‚,My house _____ yesterday.,ç›´è¨³ï¼‰ç«ã‚’å¾—ã‚‹â†’ç‡ƒãˆã‚‹,2025-12-24 02:26:37.705585+00
1072,put on weight,put on weight,ä½“é‡ãŒå¢—ãˆã‚‹,My mother has put on weight.,æ¯ã¯å¤ªã£ãŸã€‚,My mother has _____.,ç›´è¨³ï¼‰é‡ã•ã‚’ç½®ãâ†’å¤ªã‚‹,2025-12-24 02:26:37.705585+00
1073,keep good (early) hours,keep good hours,æ—©å¯æ—©èµ·ãã‚’ã™ã‚‹,I cannot keep good (early) hours.,ç§ã¯è¦å‰‡æ­£ã—ã„ç”Ÿæ´»ãŒã§ããªã„ã€‚,I cannot _____.,ç›´è¨³ï¼‰æ—©ãã¦è‰¯ã„æ™‚é–“ã‚’ç¶­æŒã™ã‚‹â†’æ—©å¯æ—©èµ·ã,2025-12-24 02:26:37.705585+00
1074,put A into practice,put A into practice,Aã‚’å®Ÿè¡Œã«ç§»ã™,I put my statement into practice.,ç§ã¯è‡ªåˆ†ã®ä¸»å¼µã‚’å®Ÿè¡Œã«ç§»ã—ãŸã€‚,I _____ my statement into practice.,ç›´è¨³ï¼‰å®Ÿè·µã«ç½®ãâ†’å®Ÿè¡Œã«ç§»ã™,2025-12-24 02:26:37.705585+00
1075,ask a favor of,ask a favor of,Aã«ãŠé¡˜ã„ã‚’ã™ã‚‹,May I ask a favor of you?,ã‚ãªãŸã«ãŠé¡˜ã„ã—ã¦ã‚‚ã„ã„ã§ã™ã‹ã€‚,May I _____ you?,ç›´è¨³ï¼‰è¦ªåˆ‡ãªè¡Œç‚º(favor)ã‚’å°‹ã­ã‚‹â†’é ¼ã‚€,2025-12-24 02:26:37.705585+00
1076,find fault with A,find fault with,Aã«æ–‡å¥ã‚’è¨€ã†,My mother always finds fault with my house.,æ¯ã¯ã„ã¤ã‚‚ç§ã®å®¶ã®æ¬ ç‚¹ã‚’è¦‹ã¤ã‘ã‚‹ã€‚,My mother always _____ my house.,ç›´è¨³ï¼‰è‰¯ããªã„ã¨ã“ã‚(fault)ã‚’æ¢ã™â†’æ–‡å¥ã‚’è¨€ã†,2025-12-24 02:26:37.705585+00
1077,get in touch with A,get in touch with,Aã¨é€£çµ¡ã‚’å–ã‚‹,My mother got in touch with me as soon as she arrived at our house.,æ¯ã¯å®¶ã«ç€ãã¨ã™ãã«ç§ã«é€£çµ¡ã—ã¦ããŸã€‚,My mother _____ me as soon as she arrived at our house.,ç›´è¨³ï¼‰ç›®ã®å‰ã«æ¥ã¦è§¦ã‚‹â†’é€£çµ¡ã‚’å–ã‚‹,2025-12-24 02:26:37.705585+00
1078,give rise to A,give rise to,Aã‚’å¼•ãèµ·ã“ã™,Your behavior will give rise to a house fire.,ã‚ãªãŸã®è¡Œå‹•ã¯ç«äº‹ã‚’å¼•ãèµ·ã“ã™ã ã‚ã†ã€‚,Your behavior will _____ a house fire.,ç›´è¨³ï¼‰ä¸Šã’ã‚‹â†’å¼•ãèµ·ã“ã™,2025-12-24 02:26:37.705585+00
1079,give birth to A,give birth to,Aã‚’ç”£ã‚€,My mother gave birth to a baby boy.,æ¯ã¯ç”·ã®å­ã‚’å‡ºç”£ã—ãŸã€‚,My mother _____ a baby boy.,ç›´è¨³ï¼‰ç”£ã‚€,2025-12-24 02:26:37.705585+00
1080,make sense,make sense,æ„å‘³ã‚’ç‚ºã™,That makes sense.,ãã‚Œã¯ç­‹ãŒé€šã£ã¦ã„ã‚‹ã€‚,That _____.,ã‚«ã‚¸ãƒ¥ã‚¢ãƒ«ãªä½¿ã„æ–¹ã§ã€ç›¸æ§Œã‚’æ‰“ã¡ãŸã„ã¨ãã«ã‚‚ä½¿ãˆã‚‹ã€‚,2025-12-24 02:26:37.705585+00
1081,make no difference,make no difference,ã©ã†ã§ã‚‚ã‚ˆã„/é‡è¦ã§ã¯ãªã„,This idiom makes no difference.,ã“ã®æ…£ç”¨å¥ã¯é•ã„ã‚’ç”Ÿã¾ãªã„ã€‚,This idiom _____.,é•ã„ãŒãªã„â‰’ã©ã†ã§ã‚‚ã„ã„,2025-12-24 02:26:37.705585+00
1082,make a (one's) living,make a living,ç”Ÿè¨ˆã‚’ç«‹ã¦ã‚‹/åå…¥ã‚’å¾—ã‚‹,I think you cannot make a living if you can't even do such a thing.,ãã‚“ãªã“ã¨ã‚‚ã§ããªã„ãªã‚‰ã€ç”Ÿæ´»ã‚’ç«‹ã¦ã‚‹ã“ã¨ã¯ã§ããªã„ã¨æ€ã†ã€‚,I think you cannot _____ if you can't even do such a thing.,living=ç”Ÿæ´»ã€€ç”Ÿæ´»ã‚’ä½œã‚‹â‰’ç”Ÿè¨ˆã‚’ç«‹ã¦ã‚‹,2025-12-24 02:26:37.705585+00
1083,make it,make it,(ç›®çš„åœ°ã«)åˆ°é”ã™ã‚‹/(ä¼šè­°ãƒ»é›»è»Šãªã©ã«)é–“ã«åˆã†,"You made it! Alright, I'll give you the next task.",ã‚„ã£ãŸã­ï¼æ¬¡ã®èª²é¡Œã‚’å‡ºã™ã‚ˆã€‚,"You _____! Alright, I'll give you the next task.",ã§ããŸï¼ã€€é”æˆã—ãŸï¼,2025-12-24 02:26:37.705585+00
1084,make use of A,make use of,Aã‚’ä½¿ã†/åˆ©ç”¨ã™ã‚‹,"If you don't make use of this text, you will fail the exam.",ã“ã®æ–‡ç« ã‚’æ´»ç”¨ã—ãªã‘ã‚Œã°ã€è©¦é¨“ã«è½ã¡ã‚‹ã ã‚ã†ã€‚,"If you don't _____ this text, you will fail the exam.",make(ã™ã‚‹)use(ä½¿ã†)of(ã€œã‚’),2025-12-24 02:26:37.705585+00
1085,take advantage of A,take advantage of,A(æ©Ÿä¼šãªã©)ã‚’åˆ©ç”¨ã™ã‚‹,Take advantage of airplanes if you want to go to Alaska safely.,ã‚¢ãƒ©ã‚¹ã‚«ã«å®‰å…¨ã«è¡ŒããŸã„ãªã‚‰é£›è¡Œæ©Ÿã‚’åˆ©ç”¨ã—ãªã•ã„ã€‚,_____ airplanes if you want to go to Alaska safely.,take(å–ã‚‹)adcantage(åˆ©ç‚¹)of(ã€œã®),2025-12-24 02:26:37.705585+00
1086,avail oneself of A,avail oneself of,A(æ©Ÿä¼šãƒ»ç”³ã—å‡ºãªã©)ã‚’åˆ©ç”¨ã™ã‚‹,I'd like to avail myself of your offer to go to Alaska.,ã‚ãªãŸã®ç”³ã—å‡ºã‚’åˆ©ç”¨ã—ã¦ã‚¢ãƒ©ã‚¹ã‚«ã«è¡ŒããŸã„ã€‚,I'd like to _____ your offer to go to Alaska.,avail(åˆ©ç”¨ã™ã‚‹)oneself(è‡ªåˆ†ãŒ)of(ã€œã®),2025-12-24 02:26:37.705585+00
1087,make fun of A,make fun of,A(äººãƒ»äº‹)ã‚’ã‹ã‚‰ã‹ã†/ç¬‘ã„ã‚‚ã®ã«ã™ã‚‹,Making fun of foolish people is one of my hobbies.,æ„šã‹ãªäººã‚’ã‹ã‚‰ã‹ã†ã®ã¯ç§ã®è¶£å‘³ã®ä¸€ã¤ã ã€‚,_____ foolish people is one of my hobbies.,make(ã™ã‚‹)fun(æ¥½ã—ã‚€/ç¬‘ã†)of(ã€œã‚’),2025-12-24 02:26:37.705585+00
1088,make a fool of oneself,make a fool of oneself,(é¦¬é¹¿ãªã¾ã­ã‚’ã—ã¦)ç¬‘ã„ã‚‚ã®ã«ãªã‚‹/æ¥ã‚’ã‹ã,Jesus! I just made a fool of myself!,ã—ã¾ã£ãŸï¼ç§ã¯è‡ªåˆ†ã‚’ç¬‘ã„ã‚‚ã®ã«ã—ã¦ã—ã¾ã£ãŸï¼,Jesus! I just _____!,make a(ã™ã‚‹)fooll of(æ„šã‹ãª)oneself(è‡ªåˆ†),2025-12-24 02:26:37.705585+00
1089,make (both) ends meet,make ends meet,åæ”¯ã‚’åˆã‚ã›ã‚‹/åå…¥å†…ã§ã‚„ã‚Šãã‚Šã™ã‚‹,It's difficult for you to make ends meet. You should get married soon and get supported.,ç”Ÿè¨ˆã‚’ç«‹ã¦ã‚‹ã®ã¯é›£ã—ã„ã€‚æ—©ãçµå©šã—ã¦æ”¯ãˆã¦ã‚‚ã‚‰ã†ã¹ãã ã€‚,It's difficult for you to _____.,make(ã™ã‚‹)ends(åæ”¯ã®ç«¯ã‚’)meet(åˆã†),2025-12-24 02:26:37.705585+00
1090,make it a rule to do,make it a rule to do,ï¼ˆã„ã¤ã‚‚ï¼‰ã€œã™ã‚‹ã‚ˆã†ã«ã—ã¦ã„ã‚‹/ã€œã™ã‚‹æ±ºã¾ã‚Šã«ã—ã¦ã„ã‚‹,I always make it a rule to drink a cup of milk before going to bed.,ç§ã¯å¯ã‚‹å‰ã«ç‰›ä¹³ã‚’é£²ã‚€ã“ã¨ã‚’ç¿’æ…£ã«ã—ã¦ã„ã‚‹ã€‚,I always _____ to drink a cup of milk before going to bed.,åŒç¾© always try to,2025-12-24 02:26:37.705585+00
1091,make a point of doing,make a point of doing,å¿…ãšã€œã™ã‚‹ã‚ˆã†ã«ï¼ˆåŠªåŠ›ï¼‰ã—ã¦ã„ã‚‹,He makes a point of jogging around the town as part of his morning routine.,å½¼ã¯æœã®ç¿’æ…£ã¨ã—ã¦ç”ºã‚’ã‚¸ãƒ§ã‚®ãƒ³ã‚°ã™ã‚‹ã“ã¨ã‚’å¿ƒãŒã‘ã¦ã„ã‚‹ã€‚,He _____ jogging around the town as part of his morning routine.,,2025-12-24 02:26:37.705585+00
1092,take care of A,take care of,Aï¼ˆäººï¼‰ã®ä¸–è©±ã‚’ã™ã‚‹/Aï¼ˆç‰©ãƒ»äº‹ï¼‰ã®é¢å€’ã‚’è¦‹ã‚‹,My mother always takes good care of me.,æ¯ã¯ã„ã¤ã‚‚ç§ã‚’å¤§åˆ‡ã«ã—ã¦ãã‚Œã‚‹ã€‚,My mother always _____ good care of me.,åŒç¾© look after A,2025-12-24 02:26:37.705585+00
1093,take charge of A,take charge of,Aã‚’ç®¡ç†ã™ã‚‹,"As the new president took charge of our project, we were forced to work longer than before.",æ–°ã—ã„ç¤¾é•·ãŒç§ãŸã¡ã®ãƒ—ãƒ­ã‚¸ã‚§ã‚¯ãƒˆã‚’å¼•ãç¶™ã„ã§ã‹ã‚‰ã€ä»¥å‰ã‚ˆã‚Šé•·æ™‚é–“åƒã‹ã•ã‚Œã¦ã„ã‚‹ã€‚,"As the new president _____ our project, we were forced to work longer than before.",åŒç¾© control A,2025-12-24 02:26:37.705585+00
1094,take notice of A,take notice of,Aã«æ³¨ç›®ã™ã‚‹/é–¢å¿ƒã‚’å¯„ã›ã‚‹,"However hard I try to attract him, he takes almost no notice of me.",ã©ã‚“ãªã«å½¼ã‚’å¼•ãã¤ã‘ã‚ˆã†ã¨ã—ã¦ã‚‚ã€å½¼ã¯ã»ã¨ã‚“ã©ç§ã«æ³¨æ„ã‚’æ‰•ã‚ãªã„ã€‚,"However hard I try to attract him, he _____ almost no notice of me.",,2025-12-24 02:26:37.705585+00
1095,take pride in A,take pride in,Aã«èª‡ã‚Šã‚’æŒã¤,My wife seems to take pride in her father being a rich man.,å¦»ã¯çˆ¶ãŒé‡‘æŒã¡ã§ã‚ã‚‹ã“ã¨ã‚’èª‡ã‚Šã«æ€ã£ã¦ã„ã‚‹ã‚ˆã†ã ã€‚,My wife seems to _____ her father being a rich man.,åŒç¾© be proud of A / pride oneself on A,2025-12-24 02:26:37.705585+00
1096,take[have] a look at A,take a look at,Aã‚’è¦‹ã‚‹,Let's take a look at this photo.,ã“ã®å†™çœŸã‚’è¦‹ã¦ã¿ã‚ˆã†ã€‚,Let's _____ this photo.,,2025-12-24 02:26:37.705585+00
1097,take (the) trouble to do,take the trouble to,ã‚ã–ã‚ã–ã€œã™ã‚‹/æ‰‹é–“ã‚’ã‹ã‘ã¦ã€œã™ã‚‹,The kind officer took the trouble to guide me to the station.,è¦ªåˆ‡ãªè­¦å®˜ã¯ã‚ã–ã‚ã–é§…ã¾ã§æ¡ˆå†…ã—ã¦ãã‚ŒãŸã€‚,The kind officer _____ to guide me to the station.,"ã‚ã–ã‚ã–ç«¹ã¨ã‚“ã¼(take trouble)ã‚’ä½œã‚‹ åŒç¾© go to the trouble of doing ",2025-12-24 02:26:37.705585+00
1098,pay attention to A,pay attention to,Aã«æ³¨æ„ã‚’æ‰•ã†,"Please pay attention to any stories mentioned in the lecture, as they may be asked on the next exam.",è¬›ç¾©ã§èªã‚‰ã‚ŒãŸè©±ã«æ³¨æ„ã—ãªã•ã„ã€ãã‚Œã¯æ¬¡ã®è©¦é¨“ã§å•ã‚ã‚Œã‚‹ã‹ã‚‚ã—ã‚Œãªã„ã€‚,"Please _____ any stories mentioned in the lecture, as they may be asked on the next exam.",,2025-12-24 02:26:37.705585+00
1099,come of age,come of age,æˆäººã«ãªã‚‹/æˆå¹´ã«é”ã™ã‚‹,"In Japan, people come of age when they turn 18.",æ—¥æœ¬ã§ã¯18æ­³ã«ãªã‚‹ã¨æˆäººã™ã‚‹ã€‚,"In Japan, people _____ when they turn 18.",æˆäººã—ãŸã‚‰ã‚³ãƒ¡(come)ãƒ²(of)ã‚¢ã‚²(age)ã‚ˆã†,2025-12-24 02:26:37.705585+00
1100,come into existence,come into existence,ï¼ˆäººãƒ»ç‰©ï¼‰ãŒç”Ÿã¾ã‚Œã‚‹ï¼å‡ºç¾ã™ã‚‹,This rule came into existence last year.,ã“ã®è¦å‰‡ã¯æ˜¨å¹´åˆ¶å®šã•ã‚ŒãŸã€‚,This rule _____ last year.,åŒç¾© come into being,2025-12-24 02:26:37.705585+00
1101,put an end to A,put an end to,Aã‚’çµ‚ã‚ã‚‰ã›ã‚‹ï¼Aã«çµ‚æ­¢ç¬¦ã‚’æ‰“ã¤,The teacher put an end to the noisy conversation.,å…ˆç”Ÿã¯é¨’ãŒã—ã„ä¼šè©±ã‚’çµ‚ã‚ã‚‰ã›ãŸã€‚,The teacher _____ the noisy conversation.,end ã‚’ç½®ãâ†’A ã«çµ‚ã‚ã‚Šã‚’ç½®ãï¼çµ‚ã‚ã‚‰ã›ã‚‹,2025-12-24 02:26:37.705585+00
1102,come to terms with A,come to terms with,Aï¼ˆå›°é›£ãªã©ï¼‰ã‚’ï¼ˆã‚ãã‚‰ã‚ã¦ï¼‰å—ã‘å…¥ã‚Œã‚‹,She came to terms with the fact that she failed the test.,å½¼å¥³ã¯è©¦é¨“ã«è½ã¡ãŸäº‹å®Ÿã‚’å—ã‘å…¥ã‚ŒãŸã€‚,She _____ the fact that she failed the test.,åŒç¾© accept A,2025-12-24 02:26:37.705585+00
1103,leave nothing to be desired,leave nothing to be desired,ç”³ã—åˆ†ãªã„ï¼å®Œç’§ã§ã‚ã‚‹,The hotel service left nothing to be desired.,ãƒ›ãƒ†ãƒ«ã®ã‚µãƒ¼ãƒ“ã‚¹ã¯ç”³ã—åˆ†ãªã‹ã£ãŸã€‚,The hotel service _____.,å·¦(ãƒ¬ãƒ•ãƒˆ)åˆ©ãã§ã¯ãªã„ã“ã¨(nothing)ã¯å®Œç’§desire,2025-12-24 02:26:37.705585+00
1104,leave much [a lot] to be desired,leave much to be desired,éºæ†¾ãªç‚¹ãŒå¤šã„ï¼æ”¹å–„ã®ä½™åœ°ãŒã‹ãªã‚Šã‚ã‚‹,His explanation left much to be desired.,å½¼ã®èª¬æ˜ã¯ä¸ååˆ†ã ã£ãŸã€‚,His explanation _____.,ã¨ã¦ã‚‚å·¦(ãƒ¬ãƒ•ãƒˆ)åˆ©ããªã“ã¨ã¯èª ã«éºæ†¾desire,2025-12-24 02:26:37.705585+00
1105,make the most of A,make the most of,Aï¼ˆæ©Ÿä¼šãƒ»èƒ½åŠ›ãƒ»æœ‰åˆ©ãªæ¡ä»¶ãªã©ï¼‰ã‚’æœ€å¤§é™ã«æ´»ç”¨ã™ã‚‹,I want to make the most of my time in high school.,é«˜æ ¡ç”Ÿæ´»ã§æ™‚é–“ã‚’æœ€å¤§é™æ´»ç”¨ã—ãŸã„ã€‚,I want to _____ my time in high school.,mosãƒãƒ¼ã‚¬ãƒ¼ã‚’makeã™ã‚‹ã“ã¨ã¯ã‚ãªãŸã®èƒ½åŠ›ã‚’æœ€å¤§é™åˆ©ç”¨ã™ã‚‹(èªé †æ³¨æ„),2025-12-24 02:26:37.705585+00
1106,bring A home to B,bring A home to B,Aï¼ˆã®æ·±åˆ»ã•ãƒ»å›°é›£ã•ãƒ»å±é™ºæ€§ãªã©ï¼‰ã‚’Bï¼ˆäººï¼‰ã«ç—›æ„Ÿã•ã›ã‚‹,The accident brought home the importance of safety to us.,äº‹æ•…ã¯ç§ãŸã¡ã«å®‰å…¨ã®é‡è¦æ€§ã‚’ç—›æ„Ÿã•ã›ãŸã€‚,The accident _____ the importance of safety to us.,Aã¯å€’ç½®ã•ã‚ŒãŒã¡ï¼å±é™ºã‚’ç—›æ„Ÿã—ã¦ã€homeã«å¼•ãã“ã‚‚ã‚‹,2025-12-24 02:26:37.705585+00
1107,hold good,hold good,ï¼ˆè¦å‰‡ãƒ»ã‚«ãƒ¼ãƒ‰ãªã©ãŒï¼‰æœ‰åŠ¹ã§ã‚ã‚‹,The law still holds good. Get out of here right now!,ãã®æ³•å¾‹ã¯ä»Šã‚‚æœ‰åŠ¹ã ã€‚ä»Šã™ãå‡ºã¦è¡Œã‘ï¼,The law still _____. Get out of here right now!,ã‚´ãƒ¼ãƒ«ãƒ‰ã‚«ãƒ¼ãƒ‰ãŒãƒ›ãƒ¼ãƒ«ãƒ‰ã‚°ãƒƒãƒ‰ï¼,2025-12-24 02:26:37.705585+00
1108,"tell A apart ",tell A apart,Aã‚’è¦‹åˆ†ã‘ã‚‹ / åŒºåˆ¥ã™ã‚‹,Sometimes it is difficult to tell the truth apart from lies.,çœŸå®Ÿã¨å˜˜ã‚’è¦‹åˆ†ã‘ã‚‹ã®ã¯é›£ã—ã„ã“ã¨ãŒã‚ã‚‹ã€‚,Sometimes it is difficult to _____ the truth apart from lies.,ãŠå‰ã®å®¶(ã‚¢ãƒ‘ãƒ¼ãƒˆ)ã©ã£ã¡ï¼Ÿ,2025-12-24 02:26:37.705585+00
1109,point out that ...,point out that,â‹¯ã¨ã„ã†ã“ã¨ã‚’æŒ‡æ‘˜ã™ã‚‹,The teacher pointed out that I had made a mistake.,å…ˆç”Ÿã¯ç§ãŒé–“é•ãˆãŸã“ã¨ã‚’æŒ‡æ‘˜ã—ãŸã€‚,The teacher _____ that I had made a mistake.,ã‚ã€ãã®ç‚¹å…¥ã£ã¦ç„¡ã„ã£ã™ã­,2025-12-24 02:26:37.705585+00
1110,see (to it) that ...,see to it that,(å¿…ãš) ...ã™ã‚‹ã‚ˆã†ã«å–ã‚Šã¯ã‹ã‚‰ã† / æ°—ã‚’ã¤ã‘ã‚‹,Can you see to it that you call me tomorrow morning?,æ˜æ—¥ã®æœã€ç§ã«é›»è©±ã™ã‚‹ã‚ˆã†ã«æ‰‹é…ã—ã¦ãã‚Œã¾ã™ã‹ã€‚,Can you _____ that you call me tomorrow morning?,è¦‹ãŸç›®ã§æ±ºã‚ã¤ã‘ãšã€see to itï¼,2025-12-24 02:26:37.705585+00
1111,take it for granted (that) ...,take it for granted that,â‹¯ã¨ã„ã†ã“ã¨ã‚’å½“ç„¶ã¨æ€ã†,We take it for granted that clean water is always available.,ç§ãŸã¡ã¯å¸¸ã«ãã‚Œã„ãªæ°´ãŒåˆ©ç”¨ã§ãã‚‹ã®ã¯å½“ç„¶ã ã¨æ€ã£ã¦ã„ã‚‹ã€‚,We _____ that clean water is always available.,ã€Œgrantã€ãŒã€Œä¸ãˆã‚‹ã€â†’ã‚ãŸã‚Šã¾ãˆã®ã“ã¨ï¼,2025-12-24 02:26:37.705585+00
1112,make sure (that) ...,make sure that,ç¢ºå®Ÿã«...ã™ã‚‹ / å¿…ãš...ã™ã‚‹ã‚ˆã†ã«ã™ã‚‹,I will make sure he knows the truth.,ç§ã¯å½¼ãŒçœŸå®Ÿã‚’çŸ¥ã£ã¦ã„ã‚‹ã“ã¨ã‚’ç¢ºå®Ÿã«ã™ã‚‹ã€‚,I will _____ he knows the truth.,çµ¶å¯¾ã€ãã®ã‚¹ãƒ¬ã€è² ã‘ã•ã›ã‚‹ã€‚ï¼ˆmake sureï¼‰,2025-12-24 02:26:37.705585+00
1113,make believe (that) ...,make believe that,â‹¯ã¨ã„ã†ãµã‚Šã‚’ã™ã‚‹,He made believe he was asleep.,å½¼ã¯å¯ãŸãµã‚Šã‚’ã—ãŸã€‚,He _____ he was asleep.," å›ã®é‹å‘½ã®äººã¯åƒ•ã˜ã‚ƒãªã„ã£ã¦ä¿¡ã˜ã¦ã‚‹ã€‚",2025-12-24 02:26:37.705585+00
1114,have no choice but to do,have no choice but to,...ã™ã‚‹ã‚ˆã‚Šä»•æ–¹ãªã„ / ...ã›ã–ã‚‹ã‚’ãˆãªã„,She had no choice but to leave the country due to her health issues.,å¥åº·ä¸Šã®ç†ç”±ã§å½¼å¥³ã¯å›½ã‚’é›¢ã‚Œã‚‹ã—ã‹ãªã‹ã£ãŸã€‚,She _____ to leave the country due to her health issues.,é¸æŠè‚¢ã¯ç„¡ã„ã€ã‚„ã‚‹ä»¥å¤–ã«ã€Œbut (=ä»¥å¤–ã«) to doã€,2025-12-24 02:26:37.705585+00